sample_id,model_id,angle,vegetation_layout,TX,TY,TZ,FX_0,FY_0,FZ,flow_speed
model_001_angle_000_flow_0.1,1,0,1000001000000000000000000100000000001,-0.013945252459609373,-0.07855242470289063,0.005576558853828125,0.2405150674213281,-0.03371372054749999,0.11019991212265626,0.1
model_001_angle_000_flow_0.2,1,0,1000001000000000000000000100000000001,-0.01444665677375,-0.3948351654204167,1.7503600833334205e-05,0.9162881161166666,-0.06036308716083332,-2.5043698410075,0.2
model_001_angle_000_flow_0.3,1,0,1000001000000000000000000100000000001,0.10417210238968751,-0.5985781046778126,0.013340265642343752,1.4780387280910936,-0.2114351591867969,0.041492517808593754,0.3
model_001_angle_000_flow_0.4,1,0,1000001000000000000000000100000000001,0.14977503771078124,-1.0144964368007812,0.017264622730156248,2.542057454540937,-0.26735859218601565,0.15988964285875001,0.4
model_001_angle_060_flow_0.1,1,60,0001000000000100000000001000000001000,0.10556357438718748,-0.05231959671078125,-0.010814298001171875,0.17293554832995348,-0.0563827255577312,-0.63792665078875,0.1
model_001_angle_060_flow_0.2,1,60,0001000000000100000000001000000001000,0.2120081630405469,-0.14092698786882812,0.007833943817187501,0.7809108264873724,-0.0767394200839202,-0.14345530718625,0.2
model_001_angle_060_flow_0.3,1,60,0001000000000100000000001000000001000,0.41601717026320306,-0.2599213786199219,0.010890486472812499,1.294609061359258,0.018241436117648613,0.15958328516476566,0.3
model_001_angle_060_flow_0.4,1,60,0001000000000100000000001000000001000,0.6084292710564843,-0.5041581593716407,0.00045702016601562484,2.0941718945152354,-0.4217417160122212,0.1697339353484375,0.4
model_001_angle_120_flow_0.1,1,120,0000000000000001010001000010000000000,0.058331780945,0.012391119563828126,-0.016207650246015625,0.0702377554378536,-0.20271190474688416,-0.40954582086921876,0.1
model_001_angle_120_flow_0.2,1,120,0000000000000001010001000010000000000,0.18269110600578126,0.131030273908125,-0.0036961635664843747,0.6574366045510571,-0.05250168276012568,-0.06433416539585937,0.2
model_001_angle_120_flow_0.3,1,120,0000000000000001010001000010000000000,0.4055611955096875,0.2672870910603125,-0.01095716077765625,1.4082846161274136,-0.20251974215562335,-0.13889656008164064,0.3
model_001_angle_120_flow_0.4,1,120,0000000000000001010001000010000000000,0.7134746195535155,0.4527380841799219,-0.028235253673359377,2.491869337754412,-0.3187029665174407,0.009734622377578129,0.4
model_001_angle_180_flow_0.1,1,180,1000000000010000000000000000001000001,-0.13002643760882812,0.16157028881898436,-0.024460311625234373,-0.021440122407421842,-0.27813132114078126,1.246106617034297,0.1
model_001_angle_180_flow_0.2,1,180,1000000000010000000000000000001000001,-0.05427669509679687,0.1957031991425,-0.0003998794440625,0.5180683631498437,0.037786047172265684,0.41500040771749996,0.2
model_001_angle_180_flow_0.3,1,180,1000000000010000000000000000001000001,-0.04673632705046875,0.3175944809399219,-0.0015468976009375,1.0768110588422657,-0.010051042937109244,0.34976191340031254,0.3
model_001_angle_180_flow_0.4,1,180,1000000000010000000000000000001000001,0.10760081397625001,0.5629715170260157,-0.021800547028671874,1.8666978592469534,-0.4754070408918748,-0.24850602049125,0.4
model_001_angle_240_flow_0.1,1,240,0001000000001000000000010000000001000,-0.10592767807093748,0.03583128839757812,-0.029436936192578127,0.25315690666494134,-0.205257859107369,0.4294986688464844,0.1
model_001_angle_240_flow_0.2,1,240,0001000000001000000000010000000001000,-0.31484606785109376,0.15880863714015625,-0.00832711781671875,0.9493117873550793,0.06771618053619993,0.7607266881907813,0.2
model_001_angle_240_flow_0.3,1,240,0001000000001000000000010000000001000,-0.6443490124072656,0.3376868815340625,-0.0256513469625,2.2401840879801567,0.08404976982024126,1.040314732318125,0.3
model_001_angle_240_flow_0.4,1,240,0001000000001000000000010000000001000,-1.0730699332113283,0.5493882682845312,-0.028566334449609376,3.8816011980363987,0.10489092103761188,0.9004276077778126,0.4
model_001_angle_300_flow_0.1,1,300,0000000000100001000101000000000000000,-0.061324241685625,-0.055582996925781246,-0.019543440203046877,0.13142687134708989,-0.33813509982608436,0.05747572270070313,0.1
model_001_angle_300_flow_0.2,1,300,0000000000100001000101000000000000000,-0.16255076700726562,-0.003974927760468749,0.007630539603984375,0.6198311685515433,-0.09902117337925112,0.6371768990751563,0.2
model_001_angle_300_flow_0.3,1,300,0000000000100001000101000000000000000,-0.2752462183940625,-0.04397447133609376,0.01008447393234375,1.1831374985529095,-0.17110695128906794,0.5792645610927344,0.3
model_001_angle_300_flow_0.4,1,300,0000000000100001000101000000000000000,-0.5185757118772727,-0.09629258248931817,-0.022956832780568183,1.954680882627196,-0.5379689389165739,0.5169833216865909,0.4
model_002_angle_000_flow_0.1,2,0,1000100000000000000001000000000000001,0.043514014277578124,-0.05778252948898438,-0.00044655265968749914,0.21993262183351564,0.014014567316875004,0.45096362562820314,0.1
model_002_angle_000_flow_0.2,2,0,1000100000000000000001000000000000001,0.053265455955703124,-0.24237117624484378,-0.03169449280492188,0.7619894123196094,-0.08991750550023436,-0.9685496275305467,0.2
model_002_angle_000_flow_0.3,2,0,1000100000000000000001000000000000001,0.11165373065390627,-0.5216833998216406,-0.07078147444890626,1.5345051654946094,-0.19486834537148437,0.705712654970625,0.3
model_002_angle_000_flow_0.4,2,0,1000100000000000000001000000000000001,0.14009938533796876,-0.993108161416172,-0.13638702961218752,2.540201029378125,-0.42686131500687496,-0.40374449040320304,0.4
model_002_angle_060_flow_0.1,2,60,0011000000000000000000000000000001001,0.07456739823882812,-0.019397563886015625,-0.0136333252459375,0.24495340590946452,-0.20608360549723498,-0.46144859874429695,0.1
model_002_angle_060_flow_0.2,2,60,0011000000000000000000000000000001001,0.2108462608078125,-0.08320195097195313,-0.0004223661992187501,0.6260647149886988,0.08801424096719543,-0.03830268992960936,0.2
model_002_angle_060_flow_0.3,2,60,0011000000000000000000000000000001001,0.40670241757476566,-0.17989137453765625,0.011278724345312501,1.2767141587434836,0.1285982911201357,-0.20726301853046875,0.3
model_002_angle_060_flow_0.4,2,60,0011000000000000000000000000000001001,0.5956122513722656,-0.39258399337453126,-0.008799384329140628,1.9095679495463778,-0.11762220558241765,-0.16416067242398436,0.4
model_002_angle_120_flow_0.1,2,120,0000000000000011000001000000000001000,0.07426377035195313,0.020240596351953126,-0.00841967828671875,0.22842729193756403,-0.07952423736189548,-0.05206971291914062,0.1
model_002_angle_120_flow_0.2,2,120,0000000000000011000001000000000001000,0.21560538123578127,0.16484931166453123,0.02720393695234375,0.8592611400745875,-0.06423842184188139,0.033142968455468734,0.2
model_002_angle_120_flow_0.3,2,120,0000000000000011000001000000000001000,0.45462574328625005,0.3189136410022656,0.045690134848203126,1.718178333183787,-0.20878801359026722,0.1634029554683594,0.3
model_002_angle_120_flow_0.4,2,120,0000000000000011000001000000000001000,0.791365254984375,0.5219433885039062,0.0773316209540625,2.970776791570751,-0.393292112576751,-0.051089021618984376,0.4
model_002_angle_180_flow_0.1,2,180,1000000000000001000000000000000010001,-0.13287253015125,0.16054374509046876,-0.013674101859296874,0.020603927999921914,-0.29901182232312495,1.7069763304977343,0.1
model_002_angle_180_flow_0.2,2,180,1000000000000001000000000000000010001,-0.0341747978378125,0.1942207208296875,0.024847678316171875,0.4524792961189844,-0.1336497229536718,0.6409829373059374,0.2
model_002_angle_180_flow_0.3,2,180,1000000000000001000000000000000010001,0.029019189110078124,0.2816498851375781,0.05444316913804688,1.0849602200097657,-0.22953762122164048,-0.057545648906171865,0.3
model_002_angle_180_flow_0.4,2,180,1000000000000001000000000000000010001,0.17283154218953126,0.5301781336685938,0.06202542101335937,1.8187726011396876,-0.7412336053671091,-0.24549639819968752,0.4
model_002_angle_240_flow_0.1,2,240,1001000000000000000000000000000001100,-0.08100566855515626,0.017898610088828128,-0.02479773397914063,0.22203359121927047,-0.2352817792051613,0.29110654021703125,0.1
model_002_angle_240_flow_0.2,2,240,1001000000000000000000000000000001100,-0.25351634697867187,0.1511425692447656,-0.005114897393671875,0.7778951075898157,0.08185112686205648,0.6288901959746094,0.2
model_002_angle_240_flow_0.3,2,240,1001000000000000000000000000000001100,-0.520243478361172,0.28906064143445315,0.0011919127094531252,1.7433322556503592,0.21095192904242344,0.7561343696959375,0.3
model_002_angle_240_flow_0.4,2,240,1001000000000000000000000000000001100,-0.8823116300100782,0.43966754464437496,0.0035504060738281253,3.0840024509882724,0.31258256977168,0.7300426534285156,0.4
model_002_angle_300_flow_0.1,2,300,0001000000000001000001100000000000000,-0.052773036533125,-0.074711182256875,-0.0261757918703125,0.11070696887812538,-0.2994739894769216,-0.013978751776093746,0.1
model_002_angle_300_flow_0.2,2,300,0001000000000001000001100000000000000,-0.1576417620124219,-0.072278711608125,-0.0246877241275,0.7409522531010052,-0.021704893688924976,0.07743693634671875,0.2
model_002_angle_300_flow_0.3,2,300,0001000000000001000001100000000000000,-0.2827873726028125,-0.16824160904835936,-0.05019489976742188,1.4185985426478043,-0.0582713457820887,0.13749013316375,0.3
model_002_angle_300_flow_0.4,2,300,0001000000000001000001100000000000000,-0.43795055183710935,-0.41886055548351564,-0.11669991007898436,2.2472877935338995,-0.0028749012513354932,-0.07633990613703126,0.4
model_003_angle_000_flow_0.1,3,0,1001000010000000000000000000000000001,0.053290142127083336,-0.04519727117124999,0.06443537148125,0.12877324374916668,-0.45641574089541664,-0.5979970540624999,0.1
model_003_angle_000_flow_0.2,3,0,1001000010000000000000000000000000001,0.03769052396281249,-0.2705910778482813,-0.02931472883296875,0.6926306597920313,-0.0982836045896875,0.11697379051265626,0.2
model_003_angle_000_flow_0.3,3,0,1001000010000000000000000000000000001,0.08024413472101563,-0.5602538792360938,-0.05074786296976562,1.4710739916546092,-0.20466420285101564,0.05822665693523436,0.3
model_003_angle_000_flow_0.4,3,0,1001000010000000000000000000000000001,0.12715738807875,-0.8595809597285937,-0.057221011560390625,2.1099025147525,-0.17013097158468748,0.21194303627828126,0.4
model_003_angle_060_flow_0.1,3,60,0001000000000000000001000001000001000,0.08381871533023437,-0.054356606328125,-0.0036386234071093745,0.17983611504374333,-0.18384067189344006,-0.24947371691304684,0.1
model_003_angle_060_flow_0.3,3,60,0001000000000000000001000001000001000,0.4251111986847656,-0.26132998616742187,0.05918312321593751,1.3603344228266425,-0.025042847641253307,0.02831775874148438,0.3
model_003_angle_060_flow_0.4,3,60,0001000000000000000001000001000001000,0.6207761447625,-0.5514366783647656,0.0604991905553125,2.1787721979335655,-0.36840127487460606,0.06453083529351562,0.4
model_003_angle_120_flow_0.1,3,120,0000000000000001000001000000000000011,0.053667217095468754,0.012609897141171875,-0.0039769892339062505,0.16847577867867164,-0.12480164839068632,-0.0688857319496875,0.1
model_003_angle_120_flow_0.2,3,120,0000000000000001000001000000000000011,0.20573916182859375,0.14396664995390623,0.06050054893914063,0.8325462015874522,-0.06861254177752074,-0.03986618520898438,0.2
model_003_angle_120_flow_0.3,3,120,0000000000000001000001000000000000011,0.46454184020507816,0.29846245614828126,0.14564235643281248,1.6966887274612223,-0.09964223487809099,-0.09604601574054687,0.3
model_003_angle_120_flow_0.4,3,120,0000000000000001000001000000000000011,0.8228608195310155,0.49132733991820315,0.24537780471710935,2.9723583930920525,-0.41556426419874803,-0.2365281415299219,0.4
model_003_angle_180_flow_0.1,3,180,1000000000000000000000000000100001001,-0.13340133884234376,0.15468818251570313,-0.016183295414375,0.018383992114687532,-0.24252543386257813,1.3362844708142187,0.1
model_003_angle_180_flow_0.2,3,180,1000000000000000000000000000100001001,-0.0510050326275,0.15070500720820315,0.019679388303359375,0.5090087343664844,0.042237804145937564,0.06647122402101562,0.2
model_003_angle_180_flow_0.3,3,180,1000000000000000000000000000100001001,-0.059853808468359374,0.26437977609906255,0.04163223994796875,1.0714768429779689,0.08478752256656262,-0.011612106105468766,0.3
model_003_angle_180_flow_0.4,3,180,1000000000000000000000000000100001001,0.03598366315328125,0.4685193054451563,0.05719857377015625,1.6454195567407814,-0.27977214332328104,-0.2375457983499219,0.4
model_003_angle_240_flow_0.1,3,240,0001000001000001000000000000000001000,-0.09620461564921876,0.032056214493984374,-0.03196704494328125,0.18720034774568944,-0.22342646642978325,0.4466298610819532,0.1
model_003_angle_240_flow_0.2,3,240,0001000001000001000000000000000001000,-0.2920942392671094,0.16213542323546876,-0.048953830630625,0.9476879279198822,0.045128959790592615,0.6037487947314844,0.2
model_003_angle_240_flow_0.4,3,240,0001000001000001000000000000000001000,-0.972590608457422,0.5254027523155469,-0.15171345410578124,3.5650781349031697,0.05949909717528867,1.0632505418860938,0.4
model_003_angle_300_flow_0.1,3,300,1100000000000001000001000000000000000,-0.04328933666523438,-0.06946667275085938,-0.034311478670234374,0.14103869288005452,-0.2891611068986427,0.046749137384140625,0.1
model_003_angle_300_flow_0.2,3,300,1100000000000001000001000000000000000,-0.1591528582696875,-0.06125068394429688,-0.05306432569499999,0.6739262972349626,-0.03944790407759252,0.34839660417929685,0.2
model_003_angle_300_flow_0.3,3,300,1100000000000001000001000000000000000,-0.2903232093610938,-0.12993456917882812,-0.1234307796003125,1.368014696538098,-0.004938922397439094,0.25053072721992187,0.3
model_003_angle_300_flow_0.4,3,300,1100000000000001000001000000000000000,-0.4814704218914844,-0.2637494470830469,-0.2742857078330469,2.084494549080908,-0.2797401922332089,0.2867020117280469,0.4
model_004_angle_000_flow_0.1,4,0,1000110000000000000010000000000000001,-0.0005644684757031227,-0.018475992945937502,0.09348497595171876,-0.014232913738515623,-0.4111368197925781,0.2648881992183593,0.1
model_004_angle_000_flow_0.2,4,0,1000110000000000000010000000000000001,-0.009563390302656256,-0.25141551816984375,0.012320749020859376,0.7269608063540625,-0.08359830585054687,0.4134661964418749,0.2
model_004_angle_000_flow_0.3,4,0,1000110000000000000010000000000000001,0.10641309160125001,-0.5808832239282031,0.03702994519039062,1.5244511071504685,-0.13765203521859376,0.11881911030023437,0.3
model_004_angle_000_flow_0.4,4,0,1000110000000000000010000000000000001,0.129236772749375,-0.9915772294886718,0.06606613800070313,2.5764656672414845,-0.23568497063406252,0.17359988432007814,0.4
model_004_angle_060_flow_0.1,4,60,0011000100000000000000000000000101000,0.08710357871281249,-0.04180749003101562,-0.009419976194609376,0.23202282004721575,-0.22341025919125074,-0.26152007619992185,0.1
model_004_angle_060_flow_0.2,4,60,0011000100000000000000000000000101000,0.2213395922859375,-0.10666904868250002,0.03212294093234375,0.6189897761779914,0.09993979057621874,0.022720517206875013,0.2
model_004_angle_060_flow_0.3,4,60,0011000100000000000000000000000101000,0.4473401397285156,-0.26643887881679684,0.05718185096835937,1.4837521256065167,0.03341353934822611,0.18414736253914063,0.3
model_004_angle_060_flow_0.4,4,60,0011000100000000000000000000000101000,0.6780084010745313,-0.5564748839656251,0.08846951128117186,2.398273758813358,-0.3383116101886108,0.3791330754675781,0.4
model_004_angle_120_flow_0.1,4,120,0000000000000011000011000000010000000,0.06198467208765625,0.0172716680540625,-0.01686333437265625,0.15899418685625138,-0.14899257579671654,-0.03219318402523439,0.1
model_004_angle_120_flow_0.2,4,120,0000000000000011000011000000010000000,0.21523320723648437,0.14475687727195313,0.008374775051171877,0.7906454321549943,-0.05573059085248527,-0.08956993430289062,0.2
model_004_angle_120_flow_0.3,4,120,0000000000000011000011000000010000000,0.44338354120882817,0.2822332040032812,0.018796891856875,1.4899425074232473,-0.16736361921339782,0.13905087332343752,0.3
model_004_angle_120_flow_0.4,4,120,0000000000000011000011000000010000000,0.7347515504851563,0.44060640023421876,0.027663688158828127,2.5028140517044655,-0.33955682350179583,0.09475906984757812,0.4
model_004_angle_180_flow_0.1,4,180,1000000000000000100000000000000110001,-0.12915366500648437,0.13537779293312502,-0.023449966759140625,0.0375966287564844,-0.27844687916335936,0.9420299589667188,0.1
model_004_angle_180_flow_0.2,4,180,1000000000000000100000000000000110001,-0.04829743958984375,0.1768043828078125,-0.01338202749109375,0.5701034248807032,0.009846296637031317,0.06271768277445314,0.2
model_004_angle_180_flow_0.3,4,180,1000000000000000100000000000000110001,-0.0480588154184375,0.33225928071171873,-0.032495645442578124,1.2612131380195313,-0.11867928908507797,0.45314700363054683,0.3
model_004_angle_180_flow_0.4,4,180,1000000000000000100000000000000110001,-0.004992290052031251,0.6239112527423438,-0.09370353007539063,2.134576043261563,-0.29801509650117164,0.4516564547598437,0.4
model_004_angle_240_flow_0.1,4,240,0001010000000000000000000000010001100,-0.10571611602351563,0.02568351548921875,-0.029028904260078127,0.17111912654394917,-0.14539513287827158,0.33675128522804687,0.1
model_004_angle_240_flow_0.2,4,240,0001010000000000000000000000010001100,-0.3040805134840625,0.17229248085874999,-0.021641022667890624,0.9034649233409038,0.09947792378567188,0.5941152813079688,0.2
model_004_angle_240_flow_0.3,4,240,0001010000000000000000000000010001100,-0.6381770277888281,0.3496023107372656,-0.04134075001710937,2.0601065329483523,0.20949383556154355,1.2501423771884375,0.3
model_004_angle_240_flow_0.4,4,240,0001010000000000000000000000010001100,-1.0426883101987499,0.5798177790797656,-0.0716354198984375,3.6922016101454975,0.24028673798429034,0.6770802706779688,0.4
model_004_angle_300_flow_0.1,4,300,0000000100000001100001100000000000000,-0.0393016038153125,-0.0626875662903125,-0.026728665409374998,0.1361030511268172,-0.29881127897336435,0.11580560961992188,0.1
model_004_angle_300_flow_0.2,4,300,0000000100000001100001100000000000000,-0.16429949843554686,-0.08080524401007812,-0.014144389150078124,0.7674505657559061,0.05693848616280239,0.0720819834841406,0.2
model_004_angle_300_flow_0.3,4,300,0000000100000001100001100000000000000,-0.3078372661858594,-0.19263269895578125,-0.030891046552031252,1.4288656657118826,0.03961014083386394,0.14685140170570313,0.3
model_004_angle_300_flow_0.4,4,300,0000000100000001100001100000000000000,-0.5035390946163281,-0.39298548632367186,-0.06494818565742187,2.2361049955636227,-0.24807512555241473,-0.12670218165429686,0.4
model_005_angle_000_flow_0.1,5,0,1000000000001000001000000000000000011,-0.022018452844765623,-0.030628027132500003,0.09519554157132812,-0.023540869310156264,-0.36011809697578123,0.14559724679046876,0.1
model_005_angle_000_flow_0.2,5,0,1000000000001000001000000000000000011,0.04375250331101562,-0.2751464841923438,-0.014771905563203125,0.7881894958939843,0.06318968244671874,0.3532789658007814,0.2
model_005_angle_000_flow_0.3,5,0,1000000000001000001000000000000000011,0.08190057502335937,-0.550341128238125,-0.023151574496640626,1.6501400685147654,-0.0028744990785156245,0.6819922154923438,0.3
model_005_angle_000_flow_0.4,5,0,1000000000001000001000000000000000011,0.1540222168025,-1.2023774481756249,-0.08601159378375,2.483381558241875,-0.28126436325875004,1.47344442706125,0.4
model_005_angle_060_flow_0.1,5,60,0001000000000000001100000000100001000,0.07790063494718749,-0.03939448267671875,-0.01281578091671875,0.23813034745817702,-0.2526657014114365,-0.32311566072195314,0.1
model_005_angle_060_flow_0.2,5,60,0001000000000000001100000000100001000,0.24370535497921875,-0.09470951232406251,-0.01200341845703125,0.7673518851403403,0.09624316346364181,0.10459231143304688,0.2
model_005_angle_060_flow_0.3,5,60,0001000000000000001100000000100001000,0.4733989332261719,-0.21629435522531254,-0.025714591562421875,1.5202622438778397,0.09092221545053969,0.09246235585757813,0.3
model_005_angle_060_flow_0.4,5,60,0001000000000000001100000000100001000,0.7191822816441407,-0.4367091823489062,-0.07269446864468751,2.3916490653713667,-0.028172994556107334,0.3178292963289063,0.4
model_005_angle_120_flow_0.1,5,120,0000000001000001001001000100000000000,0.06721003707648437,0.025518012333749996,-0.022672765459765622,0.2122986547560643,-0.11407862804725374,-0.12181830153617186,0.1
model_005_angle_120_flow_0.2,5,120,0000000001000001001001000100000000000,0.25602518594781254,0.19094230710101562,-0.016326892280468748,0.9539092600167504,-0.06554120870602598,-0.029876421088906258,0.2
model_005_angle_120_flow_0.3,5,120,0000000001000001001001000100000000000,0.5337863085889063,0.39162721555679686,-0.03397936717007812,1.9927130620779696,-0.1383142947294892,0.11202430042507816,0.3
model_005_angle_120_flow_0.4,5,120,0000000001000001001001000100000000000,0.9695646827419444,0.6686576204927778,-0.01709621610402778,3.57804339456495,-0.3086769433809011,0.12224593577694444,0.4
model_005_angle_180_flow_0.1,5,180,1100000000000000001000001000000000001,-0.12316268869117186,0.1527858724766406,-0.016503974745078125,-0.026807627874296847,-0.22838919941242192,1.1214632408632812,0.1
model_005_angle_180_flow_0.2,5,180,1100000000000000001000001000000000001,-0.07502585461318181,0.2310361442159091,0.004817124147386363,0.6798645760509092,0.021963337217954626,0.4429268663025,0.2
model_005_angle_180_flow_0.3,5,180,1100000000000000001000001000000000001,-0.032640591927812504,0.4078940623859375,0.0035225410028125,1.71099376734875,0.04143384277343771,-0.11651851166437502,0.3
model_005_angle_180_flow_0.4,5,180,1100000000000000001000001000000000001,-0.07404377882109377,0.6763692601057812,-0.024796655143125002,2.0836290637215624,0.13153150849523462,-0.6196582447532812,0.4
model_005_angle_240_flow_0.1,5,240,0001000010000000011000000000000001000,-0.09947368688226563,0.021892357436953124,-0.018876143566171878,0.2113102158618969,-0.26525479297302706,0.4355836611557031,0.1
model_005_angle_240_flow_0.2,5,240,0001000010000000011000000000000001000,-0.32307670058679683,0.16738407793375001,0.006267422808515626,0.9933010016746143,0.1305459073030099,0.8072508919371876,0.2
model_005_angle_240_flow_0.3,5,240,0001000010000000011000000000000001000,-0.6944375843028906,0.32514431797414056,0.020469167093203126,2.3829005522512228,0.12913122382975994,1.046532299986953,0.3
model_005_angle_240_flow_0.4,5,240,0001000010000000011000000000000001000,-1.1370164864185157,0.4871770264376562,0.029533216255859373,3.8516554477748945,0.2521483712827115,0.7631750726215625,0.4
model_005_angle_300_flow_0.1,5,300,0000000000010001001001000001000000000,-0.0646953964084375,-0.07558072944757813,-0.020729003686640626,0.15819556194041426,-0.35229865780198044,0.0351816886653906,0.1
model_005_angle_300_flow_0.2,5,300,0000000000010001001001000001000000000,-0.23176245267781245,-0.07572950949179688,0.002801316033984375,0.7828543846256161,-0.06915388087474045,0.5756104616090625,0.2
model_005_angle_300_flow_0.3,5,300,0000000000010001001001000001000000000,-0.40659975531335935,-0.14794911856,-0.00048726856468749995,1.582735131641027,-0.04105747524415104,0.6852082427907813,0.3
model_005_angle_300_flow_0.4,5,300,0000000000010001001001000001000000000,-0.6027383070256251,-0.2976305958157813,-0.03828234627289062,2.5093035896495186,-0.16646081043128746,0.9499791005527344,0.4
model_006_angle_000_flow_0.1,6,0,1001000000000000000000101000000000101,0.05965523785203125,-0.04933840965023437,0.10116970856765625,0.16786924149171872,-0.3830356375405469,-0.20227194516281247,0.1
model_006_angle_000_flow_0.2,6,0,1001000000000000000000101000000000101,0.019646707616562502,-0.3674937058810156,0.034881049339531255,0.9597600829714843,-0.08805439641492188,0.2567303260420313,0.2
model_006_angle_000_flow_0.3,6,0,1001000000000000000000101000000000101,0.027474223164453127,-0.7906980893017187,0.07770579584,2.139145111848672,-0.18716262417859375,0.5289982633070313,0.3
model_006_angle_000_flow_0.4,6,0,1001000000000000000000101000000000101,0.05308948900734375,-1.3234718536307812,0.13549874606335938,3.401594169491953,-0.3705943200002344,0.9142897724251563,0.4
model_006_angle_060_flow_0.1,6,60,0001100000000000010001100000000001000,0.07013863741296875,-0.06695194862953124,-0.0141245799821875,0.31185075108089666,-0.1367888110932842,-0.07558465210914062,0.1
model_006_angle_060_flow_0.2,6,60,0001100000000000010001100000000001000,0.27234341046554683,-0.1693674396485156,0.007634563760390625,0.9575167139706022,-0.11070235822738556,-0.040789397594296894,0.2
model_006_angle_060_flow_0.3,6,60,0001100000000000010001100000000001000,0.5490668862386718,-0.35174693116914063,0.0085390166284375,1.8624863397138716,-0.06678939215553803,0.31598016318117184,0.3
model_006_angle_060_flow_0.4,6,60,0001100000000000010001100000000001000,0.7855098118114062,-0.7086513874707813,0.024315341963828126,2.9158114762286336,-0.5608949330458739,0.2929219346364062,0.4
model_006_angle_120_flow_0.1,6,120,0010100000010001000001000000000000001,0.07973345366617188,0.041811891869765624,-0.021857592590859377,0.2965793838815155,-0.04642865412083473,-0.050773941875468756,0.1
model_006_angle_120_flow_0.2,6,120,0010100000010001000001000000000000001,0.2762244560469531,0.19054628017773437,-0.011141882627109375,1.0198103288329345,-0.10882899478080166,0.08679174534164065,0.2
model_006_angle_120_flow_0.3,6,120,0010100000010001000001000000000000001,0.60667462186625,0.42102759158562497,-0.019931540227109374,2.214178608861732,-0.18989623954414636,-0.18640549747265625,0.3
model_006_angle_120_flow_0.4,6,120,0010100000010001000001000000000000001,1.071081871757578,0.7495276406507813,-0.028343002735859373,3.91322682720517,-0.3340668180256503,0.03977015348789061,0.4
model_006_angle_180_flow_0.1,6,180,1010000000001010000000000000000001001,-0.09895632238132812,0.16250943937468748,-0.026186946368046877,0.05789936821539067,-0.2771251348961719,0.7771057779435937,0.1
model_006_angle_180_flow_0.2,6,180,1010000000001010000000000000000001001,-0.0018652496482812503,0.2739794696865625,-0.015113428729375,0.8343447491548439,-0.003429428367890528,0.0979716626290625,0.2
model_006_angle_180_flow_0.3,6,180,1010000000001010000000000000000001001,0.04789842514921875,0.54129411460375,-0.04173925321546875,1.432592402750625,-0.05455238854757797,-0.5185564645058595,0.3
model_006_angle_180_flow_0.4,6,180,1010000000001010000000000000000001001,0.09190855030539062,0.9265550986513281,-0.044399022640312494,2.3774507849145317,-0.48159870378984343,-0.91807134703875,0.4
model_006_angle_240_flow_0.1,6,240,0001000000000011000100000000000011000,-0.154637190176875,0.07414648141007812,-0.0174349880921875,0.27851697349683624,-0.18019563978105324,0.482176440009375,0.1
model_006_angle_240_flow_0.2,6,240,0001000000000011000100000000000011000,-1.52416627429625,0.07023894381875,0.17302744956375,5.5383959763992285,1.089681155416498,-1.2529074395550002,0.2
model_006_angle_240_flow_0.3,6,240,0001000000000011000100000000000011000,-0.8548063505678126,0.4463139283589844,0.03127011484421875,2.889585065077212,0.14362397571123742,0.3060592027599219,0.3
model_006_angle_240_flow_0.4,6,240,0001000000000011000100000000000011000,-1.478752954956875,0.7479910085722656,0.04056318511875,4.814457564099923,0.2295359380730766,0.45366509772578123,0.4
model_006_angle_300_flow_0.1,6,300,1000000000000001000001000100000010100,-0.061891282683359375,-0.08736608394789062,-0.009409167972500002,0.14067966099215587,-0.47477537405642667,0.11465705141179687,0.1
model_006_angle_300_flow_0.2,6,300,1000000000000001000001000100000010100,-0.25820268663843754,-0.11765649399414062,0.012054144064375,0.8567291321457013,-0.02187679653847341,0.45670630330320316,0.2
model_006_angle_300_flow_0.3,6,300,1000000000000001000001000100000010100,-0.4608910441846875,-0.2557131011663281,0.028122464036406246,1.7314617764569185,-0.13839413111408871,0.44308341700718745,0.3
model_006_angle_300_flow_0.4,6,300,1000000000000001000001000100000010100,-0.817824389746875,-0.32813617504625003,0.009915977686015626,2.8473196568018087,-0.733653070947189,0.5636858718579688,0.4
model_007_angle_000_flow_0.1,7,0,1010001000000000000000000000010000101,-0.016011130688359375,-0.049663575104531246,0.10430516027507812,0.06205031642898438,-0.43858277718140626,1.138198633040547,0.1
model_007_angle_000_flow_0.2,7,0,1010001000000000000000000000010000101,0.0656932502290625,-0.33179794264679685,0.012965887369531248,1.101877503755078,-0.0472559422196875,0.22021184238914068,0.2
model_007_angle_000_flow_0.3,7,0,1010001000000000000000000000010000101,0.10090142802492189,-0.6752907875380469,0.018053699305078125,1.91545327668875,-0.09070700536437501,0.27448888764375,0.3
model_007_angle_000_flow_0.4,7,0,1010001000000000000000000000010000101,0.13119770015625,-1.1719325159382812,0.0006684329210156243,3.091830514075625,-0.40801510002937497,0.2680515383903125,0.4
model_007_angle_060_flow_0.1,7,60,0001000000000110100000100000000001000,0.13547529907335937,-0.03231094681789063,-0.006908642310078125,0.3053742850046566,-0.0976965592812088,-0.1779989532464063,0.1
model_007_angle_060_flow_0.2,7,60,0001000000000110100000100000000001000,0.23258162688781248,-0.15627396677367186,0.00553687784140625,0.7152023826505385,-0.06226184313989408,0.018802704725703112,0.2
model_007_angle_060_flow_0.3,7,60,0001000000000110100000100000000001000,0.5199368380648437,-0.4391595373689844,-0.011549604968828125,1.7971595228017176,-0.3044401861249064,0.638654528453125,0.3
model_007_angle_060_flow_0.4,7,60,0001000000000110100000100000000001000,0.8023490685196094,-0.8390117933452345,-0.0269405255525,3.0559607783074716,-0.9242971487370517,0.5607035429724999,0.4
model_007_angle_120_flow_0.1,7,120,0000110000000001000001000010000010000,0.09152098555046875,0.03261587571859375,-0.023011257072187503,0.2918129041540332,-0.22986737434208127,0.14708267293609373,0.1
model_007_angle_120_flow_0.2,7,120,0000110000000001000001000010000010000,0.2706685089357031,0.1910225455189844,0.0043458812375,1.008281326360871,0.027576998272309472,0.5192798818475782,0.2
model_007_angle_120_flow_0.3,7,120,0000110000000001000001000010000010000,0.5718213046267968,0.3863264647167969,0.021655489049296876,2.106519028555824,-0.058773586036458436,-0.19922547269765628,0.3
model_007_angle_120_flow_0.4,7,120,0000110000000001000001000010000010000,1.0189321466465624,0.6475577573017187,0.017263113345703122,3.7968600114600863,-0.3983818887923929,0.21079407885874996,0.4
model_007_angle_180_flow_0.1,7,180,1010000100000000000000000000001000101,-0.10128818450703125,0.13918781195828123,-0.02569965029515625,0.019705297257031285,-0.2863496541250781,0.5072408770039063,0.1
model_007_angle_180_flow_0.2,7,180,1010000100000000000000000000001000101,-0.05902127529773438,0.27196442777179686,0.009636949441796876,0.683047317205625,0.026514926738828208,-0.08863310096804689,0.2
model_007_angle_180_flow_0.3,7,180,1010000100000000000000000000001000101,-0.04404507967,0.47249041348382814,0.013581822097812501,1.2619670875832032,-0.13864035008187484,-0.7667918244026563,0.3
model_007_angle_180_flow_0.4,7,180,1010000100000000000000000000001000101,0.0167273545353125,0.7908704094871875,0.0358832730221875,2.1534616976034373,-0.09833937238632785,-0.5984815436742188,0.4
model_007_angle_240_flow_0.1,7,240,0001000000000010000010110000000001000,-0.134524137079375,0.035497543351640626,-0.023864584023984375,0.24493120487070233,-0.13225096335386782,-0.06844074969632812,0.1
model_007_angle_240_flow_0.2,7,240,0001000000000010000010110000000001000,-0.3887851973764844,0.21135244116609378,0.0049005783811718745,1.2588155978940634,0.03206515226728879,0.08702022838437502,0.2
model_007_angle_240_flow_0.3,7,240,0001000000000010000010110000000001000,-0.8317854511639062,0.35927990079804684,0.004439538438125,2.84559231347219,-0.022072461250826514,0.44229398353109384,0.3
model_007_angle_240_flow_0.4,7,240,0001000000000010000010110000000001000,-1.3788983385997657,0.6137941009317969,0.028426550346640628,4.588975171201066,-0.006825546656393344,1.33029277940625,0.4
model_007_angle_300_flow_0.1,7,300,0000100000100001000001000000000110000,-0.044185232019296874,-0.10193516454562498,-0.01592888229640625,0.28980317298348635,-0.12562645439277323,-0.18328776800749996,0.1
model_007_angle_300_flow_0.2,7,300,0000100000100001000001000000000110000,-0.22358438591109375,-0.1157992713621094,0.0044191790949218756,0.8740303033599323,0.11898027707033498,0.06663931566921878,0.2
model_007_angle_300_flow_0.3,7,300,0000100000100001000001000000000110000,-0.4161636620250781,-0.22905183946609378,0.003778986513828125,1.612038250625154,-0.0998082961541884,0.5464585660060156,0.3
model_007_angle_300_flow_0.4,7,300,0000100000100001000001000000000110000,-0.7052727584396095,-0.42683051970796876,-0.07708427879265625,2.8917987270373406,-0.22418372222129146,0.6064390685433594,0.4
model_008_angle_000_flow_0.1,8,0,1100000000000000000100011000001100001,0.009021540889453126,-0.09369845600023438,0.014248568810859378,0.01766146607265624,-0.08510847363179688,0.4220676077900782,0.1
model_008_angle_000_flow_0.2,8,0,1100000000000000000100011000001100001,0.0406822253303125,-0.3702611838584374,0.014113577947187499,1.0382959971765624,0.08120644220520831,0.38485962440541666,0.2
model_008_angle_000_flow_0.3,8,0,1100000000000000000100011000001100001,0.07416683837625,-0.6790367222890625,0.048092071742500006,1.8188317623900783,-0.017196278893984375,0.8379327826441406,0.3
model_008_angle_000_flow_0.4,8,0,1100000000000000000100011000001100001,0.14151364853046874,-1.171974718821406,0.074602845436875,2.897990154297813,-0.012250831131015622,0.6914775370952344,0.4
model_008_angle_060_flow_0.1,8,60,0001000010100000010000010100010001000,0.06322223272382813,-0.09851169778304687,-0.03930042882078125,0.4421233048705656,-0.21712073900983395,-0.2797442842803906,0.1
model_008_angle_060_flow_0.2,8,60,0001000010100000010000010100010001000,0.3494917387761719,-0.22739650795515623,-0.04836061860898437,1.250943410299868,-0.0836026599908204,-0.12121623406289062,0.2
model_008_angle_060_flow_0.3,8,60,0001000010100000010000010100010001000,0.6373751136829687,-0.5037095477123439,-0.0835536039146875,2.3415803400379,-0.4092198842303634,0.11802146886609366,0.3
model_008_angle_060_flow_0.4,8,60,0001000010100000010000010100010001000,1.0091714515651564,-0.8335645213330469,-0.15812411156742187,3.7215693167508834,-0.5924680257756723,0.735871287744375,0.4
model_008_angle_120_flow_0.1,8,120,0000001000110001100001001001000000000,0.08215196683226562,0.044707203304453116,-0.016659738284843746,0.2646409194280904,-0.2161734920786494,0.508072044973125,0.1
model_008_angle_120_flow_0.2,8,120,0000001000110001100001001001000000000,0.28636369211179685,0.18673925849617187,0.020858155343203125,1.107219523517069,-0.056164004834670544,0.037758871683984375,0.2
model_008_angle_120_flow_0.3,8,120,0000001000110001100001001001000000000,0.6000210598252345,0.37586374471492184,0.00171697389390625,2.181727312239058,-0.3857987493464181,-0.3728075420091407,0.3
model_008_angle_120_flow_0.4,8,120,0000001000110001100001001001000000000,1.0623127933784375,0.5783528935921876,-0.02137070966203125,3.65022758078409,-0.6936855329342888,-0.4439845481617188,0.4
model_008_angle_180_flow_0.1,8,180,1000011000001100010000000000000000011,-0.00629805400203125,0.1005443156690625,-0.023083897809062497,0.16022708289679688,-0.0608809808553906,0.16690362794179686,0.1
model_008_angle_180_flow_0.2,8,180,1000011000001100010000000000000000011,-0.058046899927968756,0.33398417828695315,-0.005980089689218751,0.8035344288408595,0.14391761135210948,-0.1096583704857812,0.2
model_008_angle_180_flow_0.3,8,180,1000011000001100010000000000000000011,-0.08619415781554687,0.6830449304020313,-0.004855363911249999,2.104152549760859,0.15994219602812526,-0.196948309445625,0.3
model_008_angle_180_flow_0.4,8,180,1000011000001100010000000000000000011,-0.14910581610304688,1.147702511372578,-0.004378222891953125,3.12588789376625,0.12498763842601603,0.06103142376828119,0.4
model_008_angle_240_flow_0.1,8,240,0001000100010100000100000010100001000,-0.11986253571367186,0.07451198438414061,-0.0047696217617968755,0.46806557339024385,-0.23529170723232354,-0.25878555264179687,0.1
model_008_angle_240_flow_0.2,8,240,0001000100010100000100000010100001000,-0.4499760722194532,0.2669333437810938,0.02734137425117188,1.4622726786763085,-0.12445708929470478,0.7491203761004688,0.2
model_008_angle_240_flow_0.3,8,240,0001000100010100000100000010100001000,-0.9527341892920311,0.6295900366892969,0.072591815055625,3.171634242979464,-0.16187116416708958,0.9440758976602345,0.3
model_008_angle_240_flow_0.4,8,240,0001000100010100000100000010100001000,-1.6303785239148438,1.1299276289719529,0.10306245657203124,5.270440064558231,-0.4061248259576953,1.5406449917931249,0.4
model_008_angle_300_flow_0.1,8,300,0000000001001001000011000110001000000,-0.07265214439132812,-0.054359104848281256,-0.01186766081640625,0.1421165631641259,-0.3407587343359436,-0.41462062996929694,0.1
model_008_angle_300_flow_0.2,8,300,0000000001001001000011000110001000000,-0.26910405192492187,-0.15930446878203125,0.011474760533671875,0.9134494701688015,0.0016191195342356024,0.5377031129573437,0.2
model_008_angle_300_flow_0.3,8,300,0000000001001001000011000110001000000,-0.5208146997064844,-0.2724381972394531,0.01790500405390625,1.693025445813864,-0.33673799987328157,0.6518913360865626,0.3
model_008_angle_300_flow_0.4,8,300,0000000001001001000011000110001000000,-0.8555869134048437,-0.46152950749625,0.04843135384742188,2.9291121970275737,-0.2816756388824486,0.43005850983999994,0.4
model_009_angle_000_flow_0.1,9,0,1001110000000000010000100000000000011,-0.012729869098124999,-0.0547538297528125,0.09425252249179687,0.2026729692725781,-0.36526939380046874,0.28852306523703125,0.1
model_009_angle_000_flow_0.2,9,0,1001110000000000010000100000000000011,0.043181250760781255,-0.45612859865789057,0.04219528286585937,1.2373116857135937,-0.027627463728437496,0.2641319960674219,0.2
model_009_angle_000_flow_0.3,9,0,1001110000000000010000100000000000011,0.059391906900312506,-0.9374893550177343,0.08727375740320312,2.489460319395156,-0.11805792730726564,0.5249290176944532,0.3
model_009_angle_000_flow_0.4,9,0,1001110000000000010000100000000000011,0.07724492939398438,-1.5910965725640627,0.16130964794554686,4.132869113780468,-0.28808268745773435,0.8483422591572655,0.4
model_009_angle_060_flow_0.1,9,60,0011100100010000000001000000100001000,0.06832750446625,-0.08895222953554686,-0.0066035716721875,0.37636425137575685,-0.2796356474474667,0.0013630511178906249,0.1
model_009_angle_060_flow_0.2,9,60,0011100100010000000001000000100001000,0.26735674711929686,-0.21531460731023438,0.03774099750132813,0.982410676553539,-0.145203188568844,0.10487381538648437,0.2
model_009_angle_060_flow_0.3,9,60,0011100100010000000001000000100001000,0.5333462490516406,-0.43007743560289063,0.074855079906875,1.9824145620794198,-0.2653386691592423,0.15257595353671877,0.3
model_009_angle_060_flow_0.4,9,60,0011100100010000000001000000100001000,0.8484297728192187,-0.7296285067211719,0.10325735498,3.121039421898285,-0.4828047888046316,0.32452386245515624,0.4
model_009_angle_120_flow_0.1,9,120,0010000001001011000011000000000000001,0.11803377130695311,0.044803032413203124,-0.012431463340390624,0.3979732625551296,-0.18024570434822298,-0.09494047248476563,0.1
model_009_angle_120_flow_0.2,9,120,0010000001001011000011000000000000001,0.36186700745085937,0.22759016221648437,0.01882487616710938,1.3278366504353127,-0.16834637769349453,-0.10389511605992188,0.2
model_009_angle_120_flow_0.3,9,120,0010000001001011000011000000000000001,0.7697837366342187,0.49374571690710933,0.03073690147789062,2.779964770254334,-0.2825837448092009,-0.22938351347539063,0.3
model_009_angle_120_flow_0.4,9,120,0010000001001011000011000000000000001,1.3117148820343751,0.8347666306513283,0.076868157355,4.64890469101551,-0.5140906022003735,-0.37228083400578127,0.4
model_009_angle_180_flow_0.1,9,180,1100000000000010000100000000000111001,0.026190312251484372,0.08268112907140626,-0.03009225207820313,0.15127187883546875,-0.19160135191617186,-0.1444911202228125,0.1
model_009_angle_180_flow_0.2,9,180,1100000000000010000100000000000111001,0.010167463966015625,0.32332682930640627,-0.025653854541875,0.8240773321592968,-0.05232414488992177,-0.31421060186375,0.2
model_009_angle_180_flow_0.3,9,180,1100000000000010000100000000000111001,-0.01659518265640625,0.6551652539142969,-0.06770290898484374,1.6836739117225783,-0.10270809809164043,-0.11382492721804689,0.3
model_009_angle_180_flow_0.4,9,180,1100000000000010000100000000000111001,0.020479425019765626,1.1166329880028125,-0.14698638453039065,2.5625068206403907,-0.40633249677562466,-0.40994738566648437,0.4
model_009_angle_240_flow_0.2,9,240,0001000010000001000000000100010011100,-0.37792966564984376,0.17990292328984375,-0.00939629922234375,1.248564252137634,0.15679040515041187,-0.08050173049859374,0.2
model_009_angle_240_flow_0.3,9,240,0001000010000001000000000100010011100,-0.7969936223162499,0.38810441623765624,-0.04825191694523438,2.669549545296625,0.009708267823695937,0.21053353821156245,0.3
model_009_angle_240_flow_0.4,9,240,0001000010000001000000000100010011100,-1.3259904780271874,0.6985691297839063,-0.10267464348515624,4.353045444412157,0.13057726706034245,-0.28679178528640625,0.4
model_009_angle_300_flow_0.1,9,300,1000000000000001100001101001000000100,-0.07027462608523437,-0.042862670572500004,-0.018376053114375002,0.2515934556045405,-0.29684668678548615,0.03396643648429685,0.1
model_009_angle_300_flow_0.2,9,300,1000000000000001100001101001000000100,-0.32583220562515625,-0.1505285269411719,-0.01212781645078125,0.9313285036016679,-0.42331145407794224,0.237335917743203,0.2
model_009_angle_300_flow_0.3,9,300,1000000000000001100001101001000000100,-0.6650640717160938,-0.31297111383578124,-0.06494877642078124,2.2178346598477314,-0.37866382197305326,0.42598564973734376,0.3
model_009_angle_300_flow_0.4,9,300,1000000000000001100001101001000000100,-1.170244332250625,-0.517819668321875,-0.0790892460346875,3.78037117606111,-0.7262533940760609,0.8526261088464062,0.4
model_010_angle_000_flow_0.1,10,0,1000000100000001000010100000010000101,0.01340168815601563,-0.07559168171546875,0.09853278814726563,0.21036083596171876,-0.34981875003406254,0.6709059052017969,0.1
model_010_angle_000_flow_0.2,10,0,1000000100000001000010100000010000101,0.06340903837789062,-0.49122397570367193,0.04913729357429687,1.3997233173213282,0.012264011658203127,0.2241515841496094,0.2
model_010_angle_000_flow_0.3,10,0,1000000100000001000010100000010000101,0.09739304005046875,-0.96115700946375,0.10584461846562501,2.6798088981430466,-0.015100865096093763,0.2730957699663281,0.3
model_010_angle_000_flow_0.4,10,0,1000000100000001000010100000010000101,0.14800708871992188,-1.5880865902047656,0.2192692494571875,4.249857590515782,-0.101358701304375,0.6822347341986719,0.4
model_010_angle_060_flow_0.1,10,60,1001100000000000100010100000000101000,0.053856754821250005,-0.06805857099210937,-0.017030436444609377,0.3804315966203594,-0.24407819955038568,-0.35985233584148435,0.1
model_010_angle_060_flow_0.2,10,60,1001100000000000100010100000000101000,0.34497721870359377,-0.18960010889140624,-0.021989643156015627,1.1491806933556281,0.0618842043766033,0.03993798802812502,0.2
model_010_angle_060_flow_0.3,10,60,1001100000000000100010100000000101000,0.6695471953914843,-0.5258971780415624,-0.063045759460625,2.435622093685196,-0.3449634502408244,0.07894709392117186,0.3
model_010_angle_060_flow_0.4,10,60,1001100000000000100010100000000101000,1.0272410117339845,-0.9965212282724218,-0.12226304117679687,3.823974261848102,-0.9194716235789495,0.9734628674262501,0.4
model_010_angle_120_flow_0.1,10,120,0011110000000001000001000000010100000,0.09140654768281249,0.031069368146015623,-0.03171724806085937,0.38672095961612263,-0.10780804034495864,0.0022259324602344143,0.1
model_010_angle_120_flow_0.2,10,120,0011110000000001000001000000010100000,0.35950509980109374,0.21575188258242184,-0.024633739491875,1.2621075918501423,-0.12428435176043123,-0.6551543423962499,0.2
model_010_angle_120_flow_0.3,10,120,0011110000000001000001000000010100000,0.7272312854607031,0.4495257716065625,-0.059000057662734376,2.642416871717645,-0.2520769417411062,-0.37458806566515623,0.3
model_010_angle_120_flow_0.4,10,120,0011110000000001000001000000010100000,1.1880734756566407,0.7448839855965625,-0.08408685570124999,4.270071082747114,-0.376107789882443,-0.32311642956929687,0.4
model_010_angle_180_flow_0.1,10,180,1010000100000010100001000000010000001,-0.0020789492907031257,0.112642064828125,-0.031146159768125004,0.2540032339877344,-0.09736149960812496,0.19253724446703122,0.1
model_010_angle_180_flow_0.2,10,180,1010000100000010100001000000010000001,-0.06722282432671875,0.39839325300226563,-0.03713939230023437,1.0522540378312502,-0.005991219188515494,0.246965440301875,0.2
model_010_angle_180_flow_0.3,10,180,1010000100000010100001000000010000001,-0.08979905794570313,0.7539463236478906,-0.08033891247414063,1.9561409005285157,0.25225729262578145,-0.016485652061171873,0.3
model_010_angle_180_flow_0.4,10,180,1010000100000010100001000000010000001,0.012414078807734374,1.2981857296717187,-0.1695609011188281,3.366751830654688,-0.5224588395742965,0.9170122141260937,0.4
model_010_angle_240_flow_0.1,10,240,0001010000000010100010000000000011001,-0.1009832798807031,0.059307666306250006,-0.020713143256875,0.3505846379869306,-0.09362089945634913,-0.7060596169172657,0.1
model_010_angle_240_flow_0.2,10,240,0001010000000010100010000000000011001,-0.5321582494849219,0.30387948885992183,0.01533330465125,1.850911415640588,-0.009526278789514397,0.4871213705663281,0.2
model_010_angle_240_flow_0.3,10,240,0001010000000010100010000000000011001,-1.083345460768594,0.5412427942875,0.026890605670078123,3.5338121573238928,0.038584186721374536,0.7498572507935156,0.3
model_010_angle_240_flow_0.4,10,240,0001010000000010100010000000000011001,-1.823052998599922,0.9859345970788281,0.038641894116250006,5.85409830914479,0.11384949557535728,0.17575943617382808,0.4
model_010_angle_300_flow_0.1,10,300,0000010100000001000001000000000111100,-0.046284520169374996,-0.06838652034085937,-0.011194632797109376,0.2575950173998928,-0.031645785501640475,-0.6997458860760156,0.1
model_010_angle_300_flow_0.2,10,300,0000010100000001000001000000000111100,-0.22950372529476565,-0.16555856442382813,0.026488179798984372,0.5354306566575116,-0.05515233472578526,0.7924948248847656,0.2
model_010_angle_300_flow_0.3,10,300,0000010100000001000001000000000111100,-0.4592600676371875,-0.28856710748617187,0.031998216964296874,1.674263785045839,-0.379359446697873,0.17937238431999997,0.3
model_010_angle_300_flow_0.4,10,300,0000010100000001000001000000000111100,-0.8233602215517969,-0.4719945351107812,0.013724409193671877,2.849958301645492,-0.5222082373954259,0.28561622151992183,0.4
model_011_angle_000_flow_0.1,11,0,1000000000100010000001110010100010001,0.042150689833281255,-0.07495520996578126,0.09932354744015626,0.08786006722078128,-0.3758457594253125,0.44019872079851563,0.1
model_011_angle_000_flow_0.2,11,0,1000000000100010000001110010100010001,0.05084910525742188,-0.3810637283126562,-0.034105565717109376,1.0588752753399218,-0.01653917610726562,0.4795943768127343,0.2
model_011_angle_000_flow_0.3,11,0,1000000000100010000001110010100010001,0.0771446957946875,-0.787260511595625,-0.06738882983140625,2.163816380338672,-0.07014798103953127,0.24001449744109377,0.3
model_011_angle_000_flow_0.4,11,0,1000000000100010000001110010100010001,0.06968495125953125,-1.3489074327835937,-0.06689747194367188,3.6874413357851568,-0.2757292641760938,1.0439069624207813,0.4
model_011_angle_060_flow_0.1,11,60,0001101001100000000000000000001011101,0.10125197833609376,-0.05340755925609375,-0.028316205054609377,0.4402734527927161,-0.13612112149310573,0.12051527927156244,0.1
model_011_angle_060_flow_0.2,11,60,0001101001100000000000000000001011101,0.3922156155089843,-0.17055317776914064,-0.021609092527031252,1.2274547731487253,0.14849084405894608,1.3236124230153126,0.2
model_011_angle_060_flow_0.3,11,60,0001101001100000000000000000001011101,0.78835131892625,-0.4199893403860937,-0.05020516498945312,2.6072747072335094,0.13718736186416614,-0.06014967820195312,0.3
model_011_angle_060_flow_0.4,11,60,0001101001100000000000000000001011101,1.3020259149841407,-0.7759544462145312,-0.09937949107210937,4.188587828538689,0.05504719151858195,0.15775234972640625,0.4
model_011_angle_120_flow_0.1,11,120,0110001000000101000001110000000001100,0.10918024109859374,0.056938158162499995,-0.032868658318203126,0.4327856465410156,-0.24160131740129007,-0.3519016875645313,0.1
model_011_angle_120_flow_0.2,11,120,0110001000000101000001110000000001100,0.40098700323843756,0.2750399323670313,-0.03787728512015624,1.4980798229494339,-0.038134419068885594,-0.007414139473906234,0.2
model_011_angle_120_flow_0.3,11,120,0110001000000101000001110000000001100,0.8565103839672655,0.5814570699839063,-0.11105090615507814,3.1905287282224366,-0.30538489831718674,0.04187730898164064,0.3
model_011_angle_120_flow_0.4,11,120,0110001000000101000001110000000001100,1.429299857053828,0.870585771525547,-0.18311787591859374,5.0455952645085915,-0.6831078831951582,0.0975175817586719,0.4
model_011_angle_180_flow_0.1,11,180,1000100010100111000000100010000000001,0.0025357087868750003,0.10208339852195314,-0.01724490416921875,0.3020949132648438,-0.33396581199039055,0.25976276126007813,0.1
model_011_angle_180_flow_0.2,11,180,1000100010100111000000100010000000001,-0.014433045488593749,0.3470793594964062,0.023763848820859374,1.465334935506953,-0.018123057726874812,-0.17840339876515623,0.2
model_011_angle_180_flow_0.3,11,180,1000100010100111000000100010000000001,-0.013353777319453124,0.7067461623837501,0.022874902278750005,2.2300821049099215,-0.20936046945312475,0.17627357563765628,0.3
model_011_angle_180_flow_0.4,11,180,1000100010100111000000100010000000001,0.013685513355624998,1.148302214238281,-0.009644032298515624,2.8921468661003127,-0.5169336988536716,-0.4369959226242188,0.4
model_011_angle_240_flow_0.1,11,240,1011101000000000000000000011001011000,-0.13894322151011365,0.09415941434215909,-0.000302652289545455,0.5536770922551396,-0.2173126452126746,0.7911550556723863,0.1
model_011_angle_240_flow_0.2,11,240,1011101000000000000000000011001011000,-0.5539642740023438,0.2705783214198437,0.037276212013125,1.9654786026182025,-0.12264742378607918,-0.5350213910690625,0.2
model_011_angle_240_flow_0.3,11,240,1011101000000000000000000011001011000,-1.1500162245749999,0.5383895884089063,0.08216811677875,3.9059587658465933,0.02944988611717525,0.3555628877830469,0.3
model_011_angle_240_flow_0.4,11,240,1011101000000000000000000011001011000,-1.922487281754922,0.8855489115303126,0.10395663014,6.081666667465906,0.6444998808073654,-0.06542701686921877,0.4
model_011_angle_300_flow_0.1,11,300,0011000000000111000001010000001000110,-0.11294269457914063,-0.09599454819375,-0.006281889190078126,0.4215436722265846,-0.12304891805033162,-1.3666392108281251,0.1
model_011_angle_300_flow_0.2,11,300,0011000000000111000001010000001000110,-0.34294599253304686,-0.218470102900625,0.030157132470546875,1.156727884787474,-0.12670089707407284,0.4668442347246094,0.2
model_011_angle_300_flow_0.3,11,300,0011000000000111000001010000001000110,-0.7182433354770312,-0.4521207649485156,0.057574681554765625,2.595293854436919,0.03165500069929039,0.7111831049927344,0.3
model_011_angle_300_flow_0.4,11,300,0011000000000111000001010000001000110,-1.1542277819910935,-0.7558105250371094,-0.006836717919062499,4.126680337493706,-0.2111583038794822,0.7854619615763282,0.4
model_012_angle_000_flow_0.1,12,0,1000000000000001100001000100110011001,0.053479289410546874,-0.10960155899499999,0.09923134474242187,0.35257247939210934,-0.29596821911203125,1.4112353995906248,0.1
model_012_angle_000_flow_0.2,12,0,1000000000000001100001000100110011001,0.06660802978054688,-0.5134190834803125,0.00752721004296875,1.2088429015010156,-0.030448868958750007,0.4498572775078906,0.2
model_012_angle_000_flow_0.3,12,0,1000000000000001100001000100110011001,0.0815190093671875,-1.0322266530589843,0.030369466338203126,2.912298140047578,-0.07286167718398437,0.6741418564617188,0.3
model_012_angle_000_flow_0.4,12,0,1000000000000001100001000100110011001,0.12397755114179687,-1.9944919532448437,0.05247333163296876,5.215812835721485,-0.38785151926695316,1.2153778138432032,0.4
model_012_angle_060_flow_0.1,12,60,1001010001000001100000001000000001101,0.07547284949346153,-0.0682327814376923,-0.023658319537692308,0.4743588894796249,-0.27833547933546776,-0.5940899572587499,0.1
model_012_angle_060_flow_0.2,12,60,1001010001000001100000001000000001101,0.32492381881882815,-0.16763836039132812,-0.025718402189531246,1.33482888316465,-0.091611810056907,0.1579700560846094,0.2
model_012_angle_060_flow_0.3,12,60,1001010001000001100000001000000001101,0.6752292087799219,-0.45107866112234374,-0.04569238477695313,2.2212949127768136,-0.07824408510340608,0.23919457675671874,0.3
model_012_angle_060_flow_0.4,12,60,1001010001000001100000001000000001101,1.0365599538555468,-0.9311290592357813,-0.12053623713781247,3.745789260807242,-0.709575948451199,0.3324839590724219,0.4
model_012_angle_120_flow_0.1,12,120,1101010100000001010001100000000001000,0.1233806675371875,0.05398427301929687,-0.05550575996414062,0.3937178421550085,-0.1743619032047354,-0.18997747145218763,0.1
model_012_angle_120_flow_0.2,12,120,1101010100000001010001100000000001000,0.4067243839767188,0.27267407389515624,-0.09873398634859376,1.5415372444674031,-0.13262656205398227,-0.2891941392945313,0.2
model_012_angle_120_flow_0.3,12,120,1101010100000001010001100000000001000,0.848019682816797,0.5769127035632813,-0.19657639930921875,3.2318569158488955,-0.03260081209310828,-0.9793694146886718,0.3
model_012_angle_120_flow_0.4,12,120,1101010100000001010001100000000001000,1.4533182325247656,1.0029050613471875,-0.35081549701828124,5.250674524677057,-0.46052633731317627,-0.35345894458093763,0.4
model_012_angle_180_flow_0.1,12,180,1001100110010001000011000000000000001,0.009818997530546878,0.10427281905468751,-0.02933736404421875,0.07355537082054692,-0.29639233106117185,-0.4465178033705469,0.1
model_012_angle_180_flow_0.2,12,180,1001100110010001000011000000000000001,-0.0022270443093749996,0.4587423201608594,-0.03351260578210938,1.3361252151965624,-0.10315050009593732,0.23600977448765628,0.2
model_012_angle_180_flow_0.3,12,180,1001100110010001000011000000000000001,0.04944116807796876,0.9533636875582031,-0.11310215962257812,2.480002661129375,-0.42989981574007785,0.1531137696100781,0.3
model_012_angle_180_flow_0.4,12,180,1001100110010001000011000000000000001,0.03774868887734375,1.6635255117807817,-0.18911528429625002,4.191479061032813,-0.7551278208617181,-0.03434858119125019,0.4
model_012_angle_240_flow_0.1,12,240,1011000000001000000011000001000101001,-0.13107480920484374,0.09540314227906249,0.005187242659296874,0.7721612486460061,-0.5117822792655505,0.5280021922100782,0.1
model_012_angle_240_flow_0.2,12,240,1011000000001000000011000001000101001,-0.5002634679538283,0.27260429060179686,0.024422400066796874,1.4756731729173878,0.1948721781314926,0.060125063306171886,0.2
model_012_angle_240_flow_0.3,12,240,1011000000001000000011000001000101001,-1.0182236582676563,0.5773827670317969,0.07048248152023437,3.559696813281855,-0.03529569298847535,-0.2013541824334375,0.3
model_012_angle_240_flow_0.4,12,240,1011000000001000000011000001000101001,-1.7771478887446874,0.9852375094671093,0.083268946815,5.812252860908514,-0.043365683372982744,0.09147142678992184,0.4
model_012_angle_300_flow_0.1,12,300,0001000000000011000101000000010101011,-0.07346479753773438,-0.060893112852734375,0.00020007838414062563,0.3128800581513257,-0.029248815898674146,0.33814973789570313,0.1
model_012_angle_300_flow_0.2,12,300,0001000000000011000101000000010101011,-0.31446124605234377,-0.2082218394680469,0.08065494332007812,1.1330779621688087,-0.1355009379029546,0.014385575536796891,0.2
model_012_angle_300_flow_0.3,12,300,0001000000000011000101000000010101011,-0.6087591468113281,-0.3888520809309375,0.14151344941250002,2.3434280423231084,-0.10096024921126912,0.3604030975807032,0.3
model_012_angle_300_flow_0.4,12,300,0001000000000011000101000000010101011,-1.0890683066945313,-0.6262970745603125,0.18956837665999998,3.658227205989923,-0.6534206540001857,0.3603102279414062,0.4
model_013_angle_000_flow_0.1,13,0,1000011001100000001000110000010001101,0.03466992732273437,-0.01139122172304688,0.10202280994804688,0.16661891329906248,-0.2876650814484375,-0.7015880104082031,0.1
model_013_angle_000_flow_0.2,13,0,1000011001100000001000110000010001101,0.04655655823617187,-0.4417865365747657,0.0664955670359375,1.2640883800515625,0.012560088164140625,0.48494998997429695,0.2
model_013_angle_000_flow_0.3,13,0,1000011001100000001000110000010001101,0.09716461746132812,-0.8426893226473438,0.14673559314515625,2.23771833718875,0.042740085974999995,0.4657259671110937,0.3
model_013_angle_000_flow_0.4,13,0,1000011001100000001000110000010001101,0.08961010495601564,-1.3325500205527345,0.24438120413249997,3.431482735254609,-0.1034036360499219,1.144288367906172,0.4
model_013_angle_060_flow_0.1,13,60,0101101100100101101000100000000001000,0.0954093275921875,-0.06428208966312499,-0.008257981743203125,0.17990759620762986,-0.06546665529607576,-0.12288464026601564,0.1
model_013_angle_060_flow_0.2,13,60,0101101100100101101000100000000001000,0.5854752489824999,-0.18240650473625,-0.0200303024175,2.1459783937160024,-0.04971093423991424,-0.0037785253956250002,0.2
model_013_angle_060_flow_0.3,13,60,0101101100100101101000100000000001000,1.0148062794655468,-0.41118362316492185,0.0009217950200000006,3.1293347515656005,0.49952301627557505,0.759269176746875,0.3
model_013_angle_060_flow_0.4,13,60,0101101100100101101000100000000001000,1.5123781625010158,-0.954019199039297,0.0063151204708593745,5.248520547868047,0.038451515737052855,0.6661557818767969,0.4
model_013_angle_120_flow_0.1,13,120,1010111010000101001011000010000000000,0.11893872794257812,0.04666266454023437,-0.04526228959695312,0.39556446201468615,-0.321410929944883,-0.7300865862246094,0.1
model_013_angle_120_flow_0.2,13,120,1010111010000101001011000010000000000,0.37031106042289064,0.23611024713843748,-0.09824196068015625,1.4269142326343736,-0.22240058384426437,-0.19540148982125002,0.2
model_013_angle_120_flow_0.3,13,120,1010111010000101001011000010000000000,0.8011233964257812,0.4984770961649218,-0.204775867018125,2.8552694552910047,-0.3566494154913098,-0.9104836692289064,0.3
model_013_angle_120_flow_0.4,13,120,1010111010000101001011000010000000000,1.4257167177347656,0.9001239773853126,-0.35632550291007814,5.249266426753336,-0.703875526225187,-0.32270660775132815,0.4
model_013_angle_180_flow_0.1,13,180,1011000100000110001000000011001100001,0.013306372719140624,0.08953081287085937,-0.036227512207578125,0.09214214572320314,-0.2154335117597656,-0.5569994735789845,0.1
model_013_angle_180_flow_0.2,13,180,1011000100000110001000000011001100001,-0.039074999133125,0.38168141205070316,-0.0580770758640625,1.3009522359628907,0.0658586603720314,1.0834217743014842,0.2
model_013_angle_180_flow_0.3,13,180,1011000100000110001000000011001100001,-0.04323889069773437,0.7294263295603125,-0.13407850091421875,1.5215918192449218,-0.18267214687999983,-0.6592461668889843,0.3
model_013_angle_180_flow_0.4,13,180,1011000100000110001000000011001100001,-0.018048883774375003,1.2244785912504688,-0.2521203635633594,3.0263790769595316,-0.450210344876484,-0.6794125007602343,0.4
model_013_angle_240_flow_0.1,13,240,0001000000000010001011010010011011010,-0.14013800909679688,0.07711382386960938,-0.021752113687734376,0.4149405529051959,-0.15187061359908302,-1.0708316088399217,0.1
model_013_angle_240_flow_0.2,13,240,0001000000000010001011010010011011010,-0.6010172794071094,0.25819892551242185,-0.012012225262578124,1.8876962932705723,0.15727239508671154,0.15607265949531257,0.2
model_013_angle_240_flow_0.4,13,240,0001000000000010001011010010011011010,-2.121876159533828,1.0403703316392188,-0.028251229330546877,6.490050608775523,0.4457784184081013,0.7274308458032029,0.4
model_013_angle_300_flow_0.1,13,300,0000000000100001101001010000101110101,-0.08174607349523437,-0.06023047036304687,0.002351955412968749,0.4000741745168973,-0.14121155701305613,-0.2408386036635938,0.1
model_013_angle_300_flow_0.2,13,300,0000000000100001101001010000101110101,-0.35455946860468746,-0.18752528706968752,0.05992927333492187,1.3721742973987152,0.17554995215845082,-0.5017830079626563,0.2
model_013_angle_300_flow_0.3,13,300,0000000000100001101001010000101110101,-0.7580531292018751,-0.3769892216366406,0.11891524759140623,2.522382215366754,-0.5433903700478898,-0.1529828241029687,0.3
model_013_angle_300_flow_0.4,13,300,0000000000100001101001010000101110101,-1.3880851944713282,-0.6977232468670312,0.2394802415475,4.579634561143511,-0.760723431919947,0.934914915828125,0.4
model_014_angle_000_flow_0.1,14,0,1100010111110000000001000000000001101,0.02136811539578125,-0.09815447278140625,0.10194642934015623,0.10372709760125001,-0.42579617448039053,0.6740974310811719,0.1
model_014_angle_000_flow_0.2,14,0,1100010111110000000001000000000001101,0.09309317660117188,-0.5770320313104687,-0.025525446344140622,1.410238649521719,-0.12455157361249998,0.6314161005739842,0.2
model_014_angle_000_flow_0.3,14,0,1100010111110000000001000000000001101,0.08893275035281249,-1.1992749444130468,-0.06353393224398438,3.0680369132351566,-0.22414388428414064,0.6953424591167968,0.3
model_014_angle_000_flow_0.4,14,0,1100010111110000000001000000000001101,0.11033636299796874,-1.9367509133984377,-0.07004597718335936,4.924778899544844,-0.4932766808853125,0.9468418442287498,0.4
model_014_angle_060_flow_0.1,14,60,0101001110001001000010100001000001001,0.08788056288195312,-0.06242953070273438,-0.007776998467265625,0.3847137987375313,-0.17524021119998154,0.2663531587404688,0.1
model_014_angle_060_flow_0.2,14,60,0101001110001001000010100001000001001,0.3609712940114062,-0.210274981415,0.009518226473281249,1.2331388387621232,-0.027898335709357625,0.25458572958484377,0.2
model_014_angle_060_flow_0.3,14,60,0101001110001001000010100001000001001,0.685583970059375,-0.5626060628088281,-0.0342983240121875,2.384905054792258,-0.2880417740792779,0.5390859376617968,0.3
model_014_angle_060_flow_0.4,14,60,0101001110001001000010100001000001001,1.126186093191875,-1.1104520308260937,-0.12501131680601563,4.155516982041394,-1.1004252187173855,0.23742308778289062,0.4
model_014_angle_120_flow_0.1,14,120,1000100010000101000111000001000101010,0.11776982566664063,0.051870101307890625,-0.020086200718984377,0.3292622403465985,-0.17477644001089238,0.01769392449742182,0.1
model_014_angle_120_flow_0.2,14,120,1000100010000101000111000001000101010,0.4092023436345313,0.2831979671541406,-0.013987482481718749,1.553696849305653,-0.17859408455354764,-0.3515777733435938,0.2
model_014_angle_120_flow_0.3,14,120,1000100010000101000111000001000101010,0.8876858255789843,0.6396781347547658,-0.038615698105703124,3.3454336767649275,-0.21283871191509385,-0.08969547400781255,0.3
model_014_angle_120_flow_0.4,14,120,1000100010000101000111000001000101010,1.5093230585317188,1.0919490106267968,-0.05567559683078125,5.609333394430355,-0.4173084068871109,-0.7085424439699999,0.4
model_014_angle_180_flow_0.1,14,180,1011000000000001000000000111110100011,0.009959543154296873,0.14940821884554686,-0.014960714117812501,0.37782763375757816,-0.1845403157717187,0.25620890413492187,0.1
model_014_angle_180_flow_0.2,14,180,1011000000000001000000000111110100011,-0.04205392423882813,0.5358072724121875,0.010398590324062502,1.6845031845103122,-0.05049258150179667,0.6566583713010157,0.2
model_014_angle_180_flow_0.3,14,180,1011000000000001000000000111110100011,-0.029004748339296872,0.9757682658421876,0.018031759365625,2.869488860469219,-0.21968833806031215,-0.10150648094992185,0.3
model_014_angle_180_flow_0.4,14,180,1011000000000001000000000111110100011,-0.021126071830937503,1.5797038040794533,0.024327578032421877,4.003413110674062,-0.6124250811501558,0.03807868958859375,0.4
model_014_angle_240_flow_0.1,14,240,1001000001000010100001001000111001010,-0.11054329730851561,0.08030285684070312,-0.019732517336328127,0.4569689281549706,-0.2112708545862633,0.19375028108343745,0.1
model_014_angle_240_flow_0.2,14,240,1001000001000010100001001000111001010,-0.47446867846593754,0.24814626510421878,-0.006246549718984375,1.5661016190105252,0.14585549621383165,-0.3656092579761719,0.2
model_014_angle_240_flow_0.3,14,240,1001000001000010100001001000111001010,-1.0658888243189844,0.5317299973156249,-0.003308251763906249,3.326576069132608,0.09287108067003547,0.5923503052180468,0.3
model_014_angle_240_flow_0.4,14,240,1001000001000010100001001000111001010,-1.8295561446378124,0.9596257382477343,-0.0436763312484375,5.873989210471939,0.08926777710058298,0.9577104434612501,0.4
model_014_angle_300_flow_0.1,14,300,0101010001000001110001010000100010001,-0.07975166272179687,-0.10868771610789063,-0.0138763983184375,0.5503948361812412,0.05029055475180241,0.22094376502093752,0.1
model_014_angle_300_flow_0.2,14,300,0101010001000001110001010000100010001,-0.3523488803985938,-0.29839255081382815,0.02068917637734375,1.4789055887067573,-0.013138395951710513,0.1906926311790625,0.2
model_014_angle_300_flow_0.3,14,300,0101010001000001110001010000100010001,-0.7028399350942969,-0.6049580642959376,0.011861807604453125,2.802123013142016,0.12602363596762056,0.7357796264084375,0.3
model_014_angle_300_flow_0.4,14,300,0101010001000001110001010000100010001,-1.2195068390808594,-1.027181843335,0.0471934392890625,4.819125791550159,0.17055765667920797,0.21529880897609371,0.4
