TX,TY,TZ,FX_0,FY_0,FZ,flow_speed,vegetation_layout
-0.0139452525,-0.0785524247,0.0055765589,0.2405150674,-0.0337137205,0.1101999121,0.1000000000,1000001000000000000000000100000000001
-0.0144466568,-0.3948351654,0.0000175036,0.9162881161,-0.0603630872,-2.5043698410,0.2000000000,1000001000000000000000000100000000001
0.1041721024,-0.5985781047,0.0133402656,1.4780387281,-0.2114351592,0.0414925178,0.3000000000,1000001000000000000000000100000000001
0.1497750377,-1.0144964368,0.0172646227,2.5420574545,-0.2673585922,0.1598896429,0.4000000000,1000001000000000000000000100000000001
0.1055635744,-0.0523195967,-0.0108142980,0.1729355483,-0.0563827256,-0.6379266508,0.1000000000,0001000000000100000000001000000001000
0.2120081630,-0.1409269879,0.0078339438,0.7809108265,-0.0767394201,-0.1434553072,0.2000000000,0001000000000100000000001000000001000
0.4160171703,-0.2599213786,0.0108904865,1.2946090614,0.0182414361,0.1595832852,0.3000000000,0001000000000100000000001000000001000
0.6084292711,-0.5041581594,0.0004570202,2.0941718945,-0.4217417160,0.1697339353,0.4000000000,0001000000000100000000001000000001000
0.0583317809,0.0123911196,-0.0162076502,0.0702377554,-0.2027119047,-0.4095458209,0.1000000000,0000000000000001010001000010000000000
0.1826911060,0.1310302739,-0.0036961636,0.6574366046,-0.0525016828,-0.0643341654,0.2000000000,0000000000000001010001000010000000000
0.4055611955,0.2672870911,-0.0109571608,1.4082846161,-0.2025197422,-0.1388965601,0.3000000000,0000000000000001010001000010000000000
0.7134746196,0.4527380842,-0.0282352537,2.4918693378,-0.3187029665,0.0097346224,0.4000000000,0000000000000001010001000010000000000
-0.1300264376,0.1615702888,-0.0244603116,-0.0214401224,-0.2781313211,1.2461066170,0.1000000000,1000000000010000000000000000001000001
-0.0542766951,0.1957031991,-0.0003998794,0.5180683631,0.0377860472,0.4150004077,0.2000000000,1000000000010000000000000000001000001
-0.0467363271,0.3175944809,-0.0015468976,1.0768110588,-0.0100510429,0.3497619134,0.3000000000,1000000000010000000000000000001000001
0.1076008140,0.5629715170,-0.0218005470,1.8666978592,-0.4754070409,-0.2485060205,0.4000000000,1000000000010000000000000000001000001
-0.1059276781,0.0358312884,-0.0294369362,0.2531569067,-0.2052578591,0.4294986688,0.1000000000,0001000000001000000000010000000001000
-0.3148460679,0.1588086371,-0.0083271178,0.9493117874,0.0677161805,0.7607266882,0.2000000000,0001000000001000000000010000000001000
-0.6443490124,0.3376868815,-0.0256513470,2.2401840880,0.0840497698,1.0403147323,0.3000000000,0001000000001000000000010000000001000
-1.0730699332,0.5493882683,-0.0285663344,3.8816011980,0.1048909210,0.9004276078,0.4000000000,0001000000001000000000010000000001000
-0.0613242417,-0.0555829969,-0.0195434402,0.1314268713,-0.3381350998,0.0574757227,0.1000000000,0000000000100001000101000000000000000
-0.1625507670,-0.0039749278,0.0076305396,0.6198311686,-0.0990211734,0.6371768991,0.2000000000,0000000000100001000101000000000000000
-0.2752462184,-0.0439744713,0.0100844739,1.1831374986,-0.1711069513,0.5792645611,0.3000000000,0000000000100001000101000000000000000
-0.5185757119,-0.0962925825,-0.0229568328,1.9546808826,-0.5379689389,0.5169833217,0.4000000000,0000000000100001000101000000000000000
0.0435140143,-0.0577825295,-0.0004465527,0.2199326218,0.0140145673,0.4509636256,0.1000000000,1000100000000000000001000000000000001
0.0532654560,-0.2423711762,-0.0316944928,0.7619894123,-0.0899175055,-0.9685496275,0.2000000000,1000100000000000000001000000000000001
0.1116537307,-0.5216833998,-0.0707814744,1.5345051655,-0.1948683454,0.7057126550,0.3000000000,1000100000000000000001000000000000001
0.1400993853,-0.9931081614,-0.1363870296,2.5402010294,-0.4268613150,-0.4037444904,0.4000000000,1000100000000000000001000000000000001
0.0745673982,-0.0193975639,-0.0136333252,0.2449534059,-0.2060836055,-0.4614485987,0.1000000000,0011000000000000000000000000000001001
0.2108462608,-0.0832019510,-0.0004223662,0.6260647150,0.0880142410,-0.0383026899,0.2000000000,0011000000000000000000000000000001001
0.4067024176,-0.1798913745,0.0112787243,1.2767141587,0.1285982911,-0.2072630185,0.3000000000,0011000000000000000000000000000001001
0.5956122514,-0.3925839934,-0.0087993843,1.9095679495,-0.1176222056,-0.1641606724,0.4000000000,0011000000000000000000000000000001001
0.0742637704,0.0202405964,-0.0084196783,0.2284272919,-0.0795242374,-0.0520697129,0.1000000000,0000000000000011000001000000000001000
0.2156053812,0.1648493117,0.0272039370,0.8592611401,-0.0642384218,0.0331429685,0.2000000000,0000000000000011000001000000000001000
0.4546257433,0.3189136410,0.0456901348,1.7181783332,-0.2087880136,0.1634029555,0.3000000000,0000000000000011000001000000000001000
0.7913652550,0.5219433885,0.0773316210,2.9707767916,-0.3932921126,-0.0510890216,0.4000000000,0000000000000011000001000000000001000
-0.1328725302,0.1605437451,-0.0136741019,0.0206039280,-0.2990118223,1.7069763305,0.1000000000,1000000000000001000000000000000010001
-0.0341747978,0.1942207208,0.0248476783,0.4524792961,-0.1336497230,0.6409829373,0.2000000000,1000000000000001000000000000000010001
0.0290191891,0.2816498851,0.0544431691,1.0849602200,-0.2295376212,-0.0575456489,0.3000000000,1000000000000001000000000000000010001
0.1728315422,0.5301781337,0.0620254210,1.8187726011,-0.7412336054,-0.2454963982,0.4000000000,1000000000000001000000000000000010001
-0.0810056686,0.0178986101,-0.0247977340,0.2220335912,-0.2352817792,0.2911065402,0.1000000000,1001000000000000000000000000000001100
-0.2535163470,0.1511425692,-0.0051148974,0.7778951076,0.0818511269,0.6288901960,0.2000000000,1001000000000000000000000000000001100
-0.5202434784,0.2890606414,0.0011919127,1.7433322557,0.2109519290,0.7561343697,0.3000000000,1001000000000000000000000000000001100
-0.8823116300,0.4396675446,0.0035504061,3.0840024510,0.3125825698,0.7300426534,0.4000000000,1001000000000000000000000000000001100
-0.0527730365,-0.0747111823,-0.0261757919,0.1107069689,-0.2994739895,-0.0139787518,0.1000000000,0001000000000001000001100000000000000
-0.1576417620,-0.0722787116,-0.0246877241,0.7409522531,-0.0217048937,0.0774369363,0.2000000000,0001000000000001000001100000000000000
-0.2827873726,-0.1682416090,-0.0501948998,1.4185985426,-0.0582713458,0.1374901332,0.3000000000,0001000000000001000001100000000000000
-0.4379505518,-0.4188605555,-0.1166999101,2.2472877935,-0.0028749013,-0.0763399061,0.4000000000,0001000000000001000001100000000000000
0.0532901421,-0.0451972712,0.0644353715,0.1287732437,-0.4564157409,-0.5979970541,0.1000000000,1001000010000000000000000000000000001
0.0376905240,-0.2705910778,-0.0293147288,0.6926306598,-0.0982836046,0.1169737905,0.2000000000,1001000010000000000000000000000000001
0.0802441347,-0.5602538792,-0.0507478630,1.4710739917,-0.2046642029,0.0582266569,0.3000000000,1001000010000000000000000000000000001
0.1271573881,-0.8595809597,-0.0572210116,2.1099025148,-0.1701309716,0.2119430363,0.4000000000,1001000010000000000000000000000000001
0.0838187153,-0.0543566063,-0.0036386234,0.1798361150,-0.1838406719,-0.2494737169,0.1000000000,0001000000000000000001000001000001000
0.4251111987,-0.2613299862,0.0591831232,1.3603344228,-0.0250428476,0.0283177587,0.3000000000,0001000000000000000001000001000001000
0.6207761448,-0.5514366784,0.0604991906,2.1787721979,-0.3684012749,0.0645308353,0.4000000000,0001000000000000000001000001000001000
0.0536672171,0.0126098971,-0.0039769892,0.1684757787,-0.1248016484,-0.0688857319,0.1000000000,0000000000000001000001000000000000011
0.2057391618,0.1439666500,0.0605005489,0.8325462016,-0.0686125418,-0.0398661852,0.2000000000,0000000000000001000001000000000000011
0.4645418402,0.2984624561,0.1456423564,1.6966887275,-0.0996422349,-0.0960460157,0.3000000000,0000000000000001000001000000000000011
0.8228608195,0.4913273399,0.2453778047,2.9723583931,-0.4155642642,-0.2365281415,0.4000000000,0000000000000001000001000000000000011
-0.1334013388,0.1546881825,-0.0161832954,0.0183839921,-0.2425254339,1.3362844708,0.1000000000,1000000000000000000000000000100001001
-0.0510050326,0.1507050072,0.0196793883,0.5090087344,0.0422378041,0.0664712240,0.2000000000,1000000000000000000000000000100001001
-0.0598538085,0.2643797761,0.0416322399,1.0714768430,0.0847875226,-0.0116121061,0.3000000000,1000000000000000000000000000100001001
0.0359836632,0.4685193054,0.0571985738,1.6454195567,-0.2797721433,-0.2375457983,0.4000000000,1000000000000000000000000000100001001
-0.0962046156,0.0320562145,-0.0319670449,0.1872003477,-0.2234264664,0.4466298611,0.1000000000,0001000001000001000000000000000001000
-0.2920942393,0.1621354232,-0.0489538306,0.9476879279,0.0451289598,0.6037487947,0.2000000000,0001000001000001000000000000000001000
-0.9725906085,0.5254027523,-0.1517134541,3.5650781349,0.0594990972,1.0632505419,0.4000000000,0001000001000001000000000000000001000
-0.0432893367,-0.0694666728,-0.0343114787,0.1410386929,-0.2891611069,0.0467491374,0.1000000000,1100000000000001000001000000000000000
-0.1591528583,-0.0612506839,-0.0530643257,0.6739262972,-0.0394479041,0.3483966042,0.2000000000,1100000000000001000001000000000000000
-0.2903232094,-0.1299345692,-0.1234307796,1.3680146965,-0.0049389224,0.2505307272,0.3000000000,1100000000000001000001000000000000000
-0.4814704219,-0.2637494471,-0.2742857078,2.0844945491,-0.2797401922,0.2867020117,0.4000000000,1100000000000001000001000000000000000
-0.0005644685,-0.0184759929,0.0934849760,-0.0142329137,-0.4111368198,0.2648881992,0.1000000000,1000110000000000000010000000000000001
-0.0095633903,-0.2514155182,0.0123207490,0.7269608064,-0.0835983059,0.4134661964,0.2000000000,1000110000000000000010000000000000001
0.1064130916,-0.5808832239,0.0370299452,1.5244511072,-0.1376520352,0.1188191103,0.3000000000,1000110000000000000010000000000000001
0.1292367727,-0.9915772295,0.0660661380,2.5764656672,-0.2356849706,0.1735998843,0.4000000000,1000110000000000000010000000000000001
0.0871035787,-0.0418074900,-0.0094199762,0.2320228200,-0.2234102592,-0.2615200762,0.1000000000,0011000100000000000000000000000101000
0.2213395923,-0.1066690487,0.0321229409,0.6189897762,0.0999397906,0.0227205172,0.2000000000,0011000100000000000000000000000101000
0.4473401397,-0.2664388788,0.0571818510,1.4837521256,0.0334135393,0.1841473625,0.3000000000,0011000100000000000000000000000101000
0.6780084011,-0.5564748840,0.0884695113,2.3982737588,-0.3383116102,0.3791330755,0.4000000000,0011000100000000000000000000000101000
0.0619846721,0.0172716681,-0.0168633344,0.1589941869,-0.1489925758,-0.0321931840,0.1000000000,0000000000000011000011000000010000000
0.2152332072,0.1447568773,0.0083747751,0.7906454322,-0.0557305909,-0.0895699343,0.2000000000,0000000000000011000011000000010000000
0.4433835412,0.2822332040,0.0187968919,1.4899425074,-0.1673636192,0.1390508733,0.3000000000,0000000000000011000011000000010000000
0.7347515505,0.4406064002,0.0276636882,2.5028140517,-0.3395568235,0.0947590698,0.4000000000,0000000000000011000011000000010000000
-0.1291536650,0.1353777929,-0.0234499668,0.0375966288,-0.2784468792,0.9420299590,0.1000000000,1000000000000000100000000000000110001
-0.0482974396,0.1768043828,-0.0133820275,0.5701034249,0.0098462966,0.0627176828,0.2000000000,1000000000000000100000000000000110001
-0.0480588154,0.3322592807,-0.0324956454,1.2612131380,-0.1186792891,0.4531470036,0.3000000000,1000000000000000100000000000000110001
-0.0049922901,0.6239112527,-0.0937035301,2.1345760433,-0.2980150965,0.4516564548,0.4000000000,1000000000000000100000000000000110001
-0.1057161160,0.0256835155,-0.0290289043,0.1711191265,-0.1453951329,0.3367512852,0.1000000000,0001010000000000000000000000010001100
-0.3040805135,0.1722924809,-0.0216410227,0.9034649233,0.0994779238,0.5941152813,0.2000000000,0001010000000000000000000000010001100
-0.6381770278,0.3496023107,-0.0413407500,2.0601065329,0.2094938356,1.2501423772,0.3000000000,0001010000000000000000000000010001100
-1.0426883102,0.5798177791,-0.0716354199,3.6922016101,0.2402867380,0.6770802707,0.4000000000,0001010000000000000000000000010001100
-0.0393016038,-0.0626875663,-0.0267286654,0.1361030511,-0.2988112790,0.1158056096,0.1000000000,0000000100000001100001100000000000000
-0.1642994984,-0.0808052440,-0.0141443892,0.7674505658,0.0569384862,0.0720819835,0.2000000000,0000000100000001100001100000000000000
-0.3078372662,-0.1926326990,-0.0308910466,1.4288656657,0.0396101408,0.1468514017,0.3000000000,0000000100000001100001100000000000000
-0.5035390946,-0.3929854863,-0.0649481857,2.2361049956,-0.2480751256,-0.1267021817,0.4000000000,0000000100000001100001100000000000000
-0.0220184528,-0.0306280271,0.0951955416,-0.0235408693,-0.3601180970,0.1455972468,0.1000000000,1000000000001000001000000000000000011
0.0437525033,-0.2751464842,-0.0147719056,0.7881894959,0.0631896824,0.3532789658,0.2000000000,1000000000001000001000000000000000011
0.0819005750,-0.5503411282,-0.0231515745,1.6501400685,-0.0028744991,0.6819922155,0.3000000000,1000000000001000001000000000000000011
0.1540222168,-1.2023774482,-0.0860115938,2.4833815582,-0.2812643633,1.4734444271,0.4000000000,1000000000001000001000000000000000011
0.0779006349,-0.0393944827,-0.0128157809,0.2381303475,-0.2526657014,-0.3231156607,0.1000000000,0001000000000000001100000000100001000
0.2437053550,-0.0947095123,-0.0120034185,0.7673518851,0.0962431635,0.1045923114,0.2000000000,0001000000000000001100000000100001000
0.4733989332,-0.2162943552,-0.0257145916,1.5202622439,0.0909222155,0.0924623559,0.3000000000,0001000000000000001100000000100001000
0.7191822816,-0.4367091823,-0.0726944686,2.3916490654,-0.0281729946,0.3178292963,0.4000000000,0001000000000000001100000000100001000
0.0672100371,0.0255180123,-0.0226727655,0.2122986548,-0.1140786280,-0.1218183015,0.1000000000,0000000001000001001001000100000000000
0.2560251859,0.1909423071,-0.0163268923,0.9539092600,-0.0655412087,-0.0298764211,0.2000000000,0000000001000001001001000100000000000
0.5337863086,0.3916272156,-0.0339793672,1.9927130621,-0.1383142947,0.1120243004,0.3000000000,0000000001000001001001000100000000000
0.9695646827,0.6686576205,-0.0170962161,3.5780433946,-0.3086769434,0.1222459358,0.4000000000,0000000001000001001001000100000000000
-0.1231626887,0.1527858725,-0.0165039747,-0.0268076279,-0.2283891994,1.1214632409,0.1000000000,1100000000000000001000001000000000001
-0.0750258546,0.2310361442,0.0048171241,0.6798645761,0.0219633372,0.4429268663,0.2000000000,1100000000000000001000001000000000001
-0.0326405919,0.4078940624,0.0035225410,1.7109937673,0.0414338428,-0.1165185117,0.3000000000,1100000000000000001000001000000000001
-0.0740437788,0.6763692601,-0.0247966551,2.0836290637,0.1315315085,-0.6196582448,0.4000000000,1100000000000000001000001000000000001
-0.0994736869,0.0218923574,-0.0188761436,0.2113102159,-0.2652547930,0.4355836612,0.1000000000,0001000010000000011000000000000001000
-0.3230767006,0.1673840779,0.0062674228,0.9933010017,0.1305459073,0.8072508919,0.2000000000,0001000010000000011000000000000001000
-0.6944375843,0.3251443180,0.0204691671,2.3829005523,0.1291312238,1.0465323000,0.3000000000,0001000010000000011000000000000001000
-1.1370164864,0.4871770264,0.0295332163,3.8516554478,0.2521483713,0.7631750726,0.4000000000,0001000010000000011000000000000001000
-0.0646953964,-0.0755807294,-0.0207290037,0.1581955619,-0.3522986578,0.0351816887,0.1000000000,0000000000010001001001000001000000000
-0.2317624527,-0.0757295095,0.0028013160,0.7828543846,-0.0691538809,0.5756104616,0.2000000000,0000000000010001001001000001000000000
-0.4065997553,-0.1479491186,-0.0004872686,1.5827351316,-0.0410574752,0.6852082428,0.3000000000,0000000000010001001001000001000000000
-0.6027383070,-0.2976305958,-0.0382823463,2.5093035896,-0.1664608104,0.9499791006,0.4000000000,0000000000010001001001000001000000000
0.0596552379,-0.0493384097,0.1011697086,0.1678692415,-0.3830356375,-0.2022719452,0.1000000000,1001000000000000000000101000000000101
0.0196467076,-0.3674937059,0.0348810493,0.9597600830,-0.0880543964,0.2567303260,0.2000000000,1001000000000000000000101000000000101
0.0274742232,-0.7906980893,0.0777057958,2.1391451118,-0.1871626242,0.5289982633,0.3000000000,1001000000000000000000101000000000101
0.0530894890,-1.3234718536,0.1354987461,3.4015941695,-0.3705943200,0.9142897724,0.4000000000,1001000000000000000000101000000000101
0.0701386374,-0.0669519486,-0.0141245800,0.3118507511,-0.1367888111,-0.0755846521,0.1000000000,0001100000000000010001100000000001000
0.2723434105,-0.1693674396,0.0076345638,0.9575167140,-0.1107023582,-0.0407893976,0.2000000000,0001100000000000010001100000000001000
0.5490668862,-0.3517469312,0.0085390166,1.8624863397,-0.0667893922,0.3159801632,0.3000000000,0001100000000000010001100000000001000
0.7855098118,-0.7086513875,0.0243153420,2.9158114762,-0.5608949330,0.2929219346,0.4000000000,0001100000000000010001100000000001000
0.0797334537,0.0418118919,-0.0218575926,0.2965793839,-0.0464286541,-0.0507739419,0.1000000000,0010100000010001000001000000000000001
0.2762244560,0.1905462802,-0.0111418826,1.0198103288,-0.1088289948,0.0867917453,0.2000000000,0010100000010001000001000000000000001
0.6066746219,0.4210275916,-0.0199315402,2.2141786089,-0.1898962395,-0.1864054975,0.3000000000,0010100000010001000001000000000000001
1.0710818718,0.7495276407,-0.0283430027,3.9132268272,-0.3340668180,0.0397701535,0.4000000000,0010100000010001000001000000000000001
-0.0989563224,0.1625094394,-0.0261869464,0.0578993682,-0.2771251349,0.7771057779,0.1000000000,1010000000001010000000000000000001001
-0.0018652496,0.2739794697,-0.0151134287,0.8343447492,-0.0034294284,0.0979716626,0.2000000000,1010000000001010000000000000000001001
0.0478984251,0.5412941146,-0.0417392532,1.4325924028,-0.0545523885,-0.5185564645,0.3000000000,1010000000001010000000000000000001001
0.0919085503,0.9265550987,-0.0443990226,2.3774507849,-0.4815987038,-0.9180713470,0.4000000000,1010000000001010000000000000000001001
-0.1546371902,0.0741464814,-0.0174349881,0.2785169735,-0.1801956398,0.4821764400,0.1000000000,0001000000000011000100000000000011000
-1.5241662743,0.0702389438,0.1730274496,5.5383959764,1.0896811554,-1.2529074396,0.2000000000,0001000000000011000100000000000011000
-0.8548063506,0.4463139284,0.0312701148,2.8895850651,0.1436239757,0.3060592028,0.3000000000,0001000000000011000100000000000011000
-1.4787529550,0.7479910086,0.0405631851,4.8144575641,0.2295359381,0.4536650977,0.4000000000,0001000000000011000100000000000011000
-0.0618912827,-0.0873660839,-0.0094091680,0.1406796610,-0.4747753741,0.1146570514,0.1000000000,1000000000000001000001000100000010100
-0.2582026866,-0.1176564940,0.0120541441,0.8567291321,-0.0218767965,0.4567063033,0.2000000000,1000000000000001000001000100000010100
-0.4608910442,-0.2557131012,0.0281224640,1.7314617765,-0.1383941311,0.4430834170,0.3000000000,1000000000000001000001000100000010100
-0.8178243897,-0.3281361750,0.0099159777,2.8473196568,-0.7336530709,0.5636858719,0.4000000000,1000000000000001000001000100000010100
-0.0160111307,-0.0496635751,0.1043051603,0.0620503164,-0.4385827772,1.1381986330,0.1000000000,1010001000000000000000000000010000101
0.0656932502,-0.3317979426,0.0129658874,1.1018775038,-0.0472559422,0.2202118424,0.2000000000,1010001000000000000000000000010000101
0.1009014280,-0.6752907875,0.0180536993,1.9154532767,-0.0907070054,0.2744888876,0.3000000000,1010001000000000000000000000010000101
0.1311977002,-1.1719325159,0.0006684329,3.0918305141,-0.4080151000,0.2680515384,0.4000000000,1010001000000000000000000000010000101
0.1354752991,-0.0323109468,-0.0069086423,0.3053742850,-0.0976965593,-0.1779989532,0.1000000000,0001000000000110100000100000000001000
0.2325816269,-0.1562739668,0.0055368778,0.7152023827,-0.0622618431,0.0188027047,0.2000000000,0001000000000110100000100000000001000
0.5199368381,-0.4391595374,-0.0115496050,1.7971595228,-0.3044401861,0.6386545285,0.3000000000,0001000000000110100000100000000001000
0.8023490685,-0.8390117933,-0.0269405256,3.0559607783,-0.9242971487,0.5607035430,0.4000000000,0001000000000110100000100000000001000
0.0915209856,0.0326158757,-0.0230112571,0.2918129042,-0.2298673743,0.1470826729,0.1000000000,0000110000000001000001000010000010000
0.2706685089,0.1910225455,0.0043458812,1.0082813264,0.0275769983,0.5192798818,0.2000000000,0000110000000001000001000010000010000
0.5718213046,0.3863264647,0.0216554890,2.1065190286,-0.0587735860,-0.1992254727,0.3000000000,0000110000000001000001000010000010000
1.0189321466,0.6475577573,0.0172631133,3.7968600115,-0.3983818888,0.2107940789,0.4000000000,0000110000000001000001000010000010000
-0.1012881845,0.1391878120,-0.0256996503,0.0197052973,-0.2863496541,0.5072408770,0.1000000000,1010000100000000000000000000001000101
-0.0590212753,0.2719644278,0.0096369494,0.6830473172,0.0265149267,-0.0886331010,0.2000000000,1010000100000000000000000000001000101
-0.0440450797,0.4724904135,0.0135818221,1.2619670876,-0.1386403501,-0.7667918244,0.3000000000,1010000100000000000000000000001000101
0.0167273545,0.7908704095,0.0358832730,2.1534616976,-0.0983393724,-0.5984815437,0.4000000000,1010000100000000000000000000001000101
-0.1345241371,0.0354975434,-0.0238645840,0.2449312049,-0.1322509634,-0.0684407497,0.1000000000,0001000000000010000010110000000001000
-0.3887851974,0.2113524412,0.0049005784,1.2588155979,0.0320651523,0.0870202284,0.2000000000,0001000000000010000010110000000001000
-0.8317854512,0.3592799008,0.0044395384,2.8455923135,-0.0220724613,0.4422939835,0.3000000000,0001000000000010000010110000000001000
-1.3788983386,0.6137941009,0.0284265503,4.5889751712,-0.0068255467,1.3302927794,0.4000000000,0001000000000010000010110000000001000
-0.0441852320,-0.1019351645,-0.0159288823,0.2898031730,-0.1256264544,-0.1832877680,0.1000000000,0000100000100001000001000000000110000
-0.2235843859,-0.1157992714,0.0044191791,0.8740303034,0.1189802771,0.0666393157,0.2000000000,0000100000100001000001000000000110000
-0.4161636620,-0.2290518395,0.0037789865,1.6120382506,-0.0998082962,0.5464585660,0.3000000000,0000100000100001000001000000000110000
-0.7052727584,-0.4268305197,-0.0770842788,2.8917987270,-0.2241837222,0.6064390685,0.4000000000,0000100000100001000001000000000110000
0.0090215409,-0.0936984560,0.0142485688,0.0176614661,-0.0851084736,0.4220676078,0.1000000000,1100000000000000000100011000001100001
0.0406822253,-0.3702611839,0.0141135779,1.0382959972,0.0812064422,0.3848596244,0.2000000000,1100000000000000000100011000001100001
0.0741668384,-0.6790367223,0.0480920717,1.8188317624,-0.0171962789,0.8379327826,0.3000000000,1100000000000000000100011000001100001
0.1415136485,-1.1719747188,0.0746028454,2.8979901543,-0.0122508311,0.6914775371,0.4000000000,1100000000000000000100011000001100001
0.0632222327,-0.0985116978,-0.0393004288,0.4421233049,-0.2171207390,-0.2797442843,0.1000000000,0001000010100000010000010100010001000
0.3494917388,-0.2273965080,-0.0483606186,1.2509434103,-0.0836026600,-0.1212162341,0.2000000000,0001000010100000010000010100010001000
0.6373751137,-0.5037095477,-0.0835536039,2.3415803400,-0.4092198842,0.1180214689,0.3000000000,0001000010100000010000010100010001000
1.0091714516,-0.8335645213,-0.1581241116,3.7215693168,-0.5924680258,0.7358712877,0.4000000000,0001000010100000010000010100010001000
0.0821519668,0.0447072033,-0.0166597383,0.2646409194,-0.2161734921,0.5080720450,0.1000000000,0000001000110001100001001001000000000
0.2863636921,0.1867392585,0.0208581553,1.1072195235,-0.0561640048,0.0377588717,0.2000000000,0000001000110001100001001001000000000
0.6000210598,0.3758637447,0.0017169739,2.1817273122,-0.3857987493,-0.3728075420,0.3000000000,0000001000110001100001001001000000000
1.0623127934,0.5783528936,-0.0213707097,3.6502275808,-0.6936855329,-0.4439845482,0.4000000000,0000001000110001100001001001000000000
-0.0062980540,0.1005443157,-0.0230838978,0.1602270829,-0.0608809809,0.1669036279,0.1000000000,1000011000001100010000000000000000011
-0.0580468999,0.3339841783,-0.0059800897,0.8035344288,0.1439176114,-0.1096583705,0.2000000000,1000011000001100010000000000000000011
-0.0861941578,0.6830449304,-0.0048553639,2.1041525498,0.1599421960,-0.1969483094,0.3000000000,1000011000001100010000000000000000011
-0.1491058161,1.1477025114,-0.0043782229,3.1258878938,0.1249876384,0.0610314238,0.4000000000,1000011000001100010000000000000000011
-0.1198625357,0.0745119844,-0.0047696218,0.4680655734,-0.2352917072,-0.2587855526,0.1000000000,0001000100010100000100000010100001000
-0.4499760722,0.2669333438,0.0273413743,1.4622726787,-0.1244570893,0.7491203761,0.2000000000,0001000100010100000100000010100001000
-0.9527341893,0.6295900367,0.0725918151,3.1716342430,-0.1618711642,0.9440758977,0.3000000000,0001000100010100000100000010100001000
-1.6303785239,1.1299276290,0.1030624566,5.2704400646,-0.4061248260,1.5406449918,0.4000000000,0001000100010100000100000010100001000
-0.0726521444,-0.0543591048,-0.0118676608,0.1421165632,-0.3407587343,-0.4146206300,0.1000000000,0000000001001001000011000110001000000
-0.2691040519,-0.1593044688,0.0114747605,0.9134494702,0.0016191195,0.5377031130,0.2000000000,0000000001001001000011000110001000000
-0.5208146997,-0.2724381972,0.0179050041,1.6930254458,-0.3367379999,0.6518913361,0.3000000000,0000000001001001000011000110001000000
-0.8555869134,-0.4615295075,0.0484313538,2.9291121970,-0.2816756389,0.4300585098,0.4000000000,0000000001001001000011000110001000000
-0.0127298691,-0.0547538298,0.0942525225,0.2026729693,-0.3652693938,0.2885230652,0.1000000000,1001110000000000010000100000000000011
0.0431812508,-0.4561285987,0.0421952829,1.2373116857,-0.0276274637,0.2641319961,0.2000000000,1001110000000000010000100000000000011
0.0593919069,-0.9374893550,0.0872737574,2.4894603194,-0.1180579273,0.5249290177,0.3000000000,1001110000000000010000100000000000011
0.0772449294,-1.5910965726,0.1613096479,4.1328691138,-0.2880826875,0.8483422592,0.4000000000,1001110000000000010000100000000000011
0.0683275045,-0.0889522295,-0.0066035717,0.3763642514,-0.2796356474,0.0013630511,0.1000000000,0011100100010000000001000000100001000
0.2673567471,-0.2153146073,0.0377409975,0.9824106766,-0.1452031886,0.1048738154,0.2000000000,0011100100010000000001000000100001000
0.5333462491,-0.4300774356,0.0748550799,1.9824145621,-0.2653386692,0.1525759535,0.3000000000,0011100100010000000001000000100001000
0.8484297728,-0.7296285067,0.1032573550,3.1210394219,-0.4828047888,0.3245238625,0.4000000000,0011100100010000000001000000100001000
0.1180337713,0.0448030324,-0.0124314633,0.3979732626,-0.1802457043,-0.0949404725,0.1000000000,0010000001001011000011000000000000001
0.3618670075,0.2275901622,0.0188248762,1.3278366504,-0.1683463777,-0.1038951161,0.2000000000,0010000001001011000011000000000000001
0.7697837366,0.4937457169,0.0307369015,2.7799647703,-0.2825837448,-0.2293835135,0.3000000000,0010000001001011000011000000000000001
1.3117148820,0.8347666307,0.0768681574,4.6489046910,-0.5140906022,-0.3722808340,0.4000000000,0010000001001011000011000000000000001
0.0261903123,0.0826811291,-0.0300922521,0.1512718788,-0.1916013519,-0.1444911202,0.1000000000,1100000000000010000100000000000111001
0.0101674640,0.3233268293,-0.0256538545,0.8240773322,-0.0523241449,-0.3142106019,0.2000000000,1100000000000010000100000000000111001
-0.0165951827,0.6551652539,-0.0677029090,1.6836739117,-0.1027080981,-0.1138249272,0.3000000000,1100000000000010000100000000000111001
0.0204794250,1.1166329880,-0.1469863845,2.5625068206,-0.4063324968,-0.4099473857,0.4000000000,1100000000000010000100000000000111001
-0.3779296656,0.1799029233,-0.0093962992,1.2485642521,0.1567904052,-0.0805017305,0.2000000000,0001000010000001000000000100010011100
-0.7969936223,0.3881044162,-0.0482519169,2.6695495453,0.0097082678,0.2105335382,0.3000000000,0001000010000001000000000100010011100
-1.3259904780,0.6985691298,-0.1026746435,4.3530454444,0.1305772671,-0.2867917853,0.4000000000,0001000010000001000000000100010011100
-0.0702746261,-0.0428626706,-0.0183760531,0.2515934556,-0.2968466868,0.0339664365,0.1000000000,1000000000000001100001101001000000100
-0.3258322056,-0.1505285269,-0.0121278165,0.9313285036,-0.4233114541,0.2373359177,0.2000000000,1000000000000001100001101001000000100
-0.6650640717,-0.3129711138,-0.0649487764,2.2178346598,-0.3786638220,0.4259856497,0.3000000000,1000000000000001100001101001000000100
-1.1702443323,-0.5178196683,-0.0790892460,3.7803711761,-0.7262533941,0.8526261088,0.4000000000,1000000000000001100001101001000000100
0.0134016882,-0.0755916817,0.0985327881,0.2103608360,-0.3498187500,0.6709059052,0.1000000000,1000000100000001000010100000010000101
0.0634090384,-0.4912239757,0.0491372936,1.3997233173,0.0122640117,0.2241515841,0.2000000000,1000000100000001000010100000010000101
0.0973930401,-0.9611570095,0.1058446185,2.6798088981,-0.0151008651,0.2730957700,0.3000000000,1000000100000001000010100000010000101
0.1480070887,-1.5880865902,0.2192692495,4.2498575905,-0.1013587013,0.6822347342,0.4000000000,1000000100000001000010100000010000101
0.0538567548,-0.0680585710,-0.0170304364,0.3804315966,-0.2440781996,-0.3598523358,0.1000000000,1001100000000000100010100000000101000
0.3449772187,-0.1896001089,-0.0219896432,1.1491806934,0.0618842044,0.0399379880,0.2000000000,1001100000000000100010100000000101000
0.6695471954,-0.5258971780,-0.0630457595,2.4356220937,-0.3449634502,0.0789470939,0.3000000000,1001100000000000100010100000000101000
1.0272410117,-0.9965212283,-0.1222630412,3.8239742618,-0.9194716236,0.9734628674,0.4000000000,1001100000000000100010100000000101000
0.0914065477,0.0310693681,-0.0317172481,0.3867209596,-0.1078080403,0.0022259325,0.1000000000,0011110000000001000001000000010100000
0.3595050998,0.2157518826,-0.0246337395,1.2621075919,-0.1242843518,-0.6551543424,0.2000000000,0011110000000001000001000000010100000
0.7272312855,0.4495257716,-0.0590000577,2.6424168717,-0.2520769417,-0.3745880657,0.3000000000,0011110000000001000001000000010100000
1.1880734757,0.7448839856,-0.0840868557,4.2700710827,-0.3761077899,-0.3231164296,0.4000000000,0011110000000001000001000000010100000
-0.0020789493,0.1126420648,-0.0311461598,0.2540032340,-0.0973614996,0.1925372445,0.1000000000,1010000100000010100001000000010000001
-0.0672228243,0.3983932530,-0.0371393923,1.0522540378,-0.0059912192,0.2469654403,0.2000000000,1010000100000010100001000000010000001
-0.0897990579,0.7539463236,-0.0803389125,1.9561409005,0.2522572926,-0.0164856521,0.3000000000,1010000100000010100001000000010000001
0.0124140788,1.2981857297,-0.1695609011,3.3667518307,-0.5224588396,0.9170122141,0.4000000000,1010000100000010100001000000010000001
-0.1009832799,0.0593076663,-0.0207131433,0.3505846380,-0.0936208995,-0.7060596169,0.1000000000,0001010000000010100010000000000011001
-0.5321582495,0.3038794889,0.0153333047,1.8509114156,-0.0095262788,0.4871213706,0.2000000000,0001010000000010100010000000000011001
-1.0833454608,0.5412427943,0.0268906057,3.5338121573,0.0385841867,0.7498572508,0.3000000000,0001010000000010100010000000000011001
-1.8230529986,0.9859345971,0.0386418941,5.8540983091,0.1138494956,0.1757594362,0.4000000000,0001010000000010100010000000000011001
-0.0462845202,-0.0683865203,-0.0111946328,0.2575950174,-0.0316457855,-0.6997458861,0.1000000000,0000010100000001000001000000000111100
-0.2295037253,-0.1655585644,0.0264881798,0.5354306567,-0.0551523347,0.7924948249,0.2000000000,0000010100000001000001000000000111100
-0.4592600676,-0.2885671075,0.0319982170,1.6742637850,-0.3793594467,0.1793723843,0.3000000000,0000010100000001000001000000000111100
-0.8233602216,-0.4719945351,0.0137244092,2.8499583016,-0.5222082374,0.2856162215,0.4000000000,0000010100000001000001000000000111100
0.0421506898,-0.0749552100,0.0993235474,0.0878600672,-0.3758457594,0.4401987208,0.1000000000,1000000000100010000001110010100010001
0.0508491053,-0.3810637283,-0.0341055657,1.0588752753,-0.0165391761,0.4795943768,0.2000000000,1000000000100010000001110010100010001
0.0771446958,-0.7872605116,-0.0673888298,2.1638163803,-0.0701479810,0.2400144974,0.3000000000,1000000000100010000001110010100010001
0.0696849513,-1.3489074328,-0.0668974719,3.6874413358,-0.2757292642,1.0439069624,0.4000000000,1000000000100010000001110010100010001
0.1012519783,-0.0534075593,-0.0283162051,0.4402734528,-0.1361211215,0.1205152793,0.1000000000,0001101001100000000000000000001011101
0.3922156155,-0.1705531778,-0.0216090925,1.2274547731,0.1484908441,1.3236124230,0.2000000000,0001101001100000000000000000001011101
0.7883513189,-0.4199893404,-0.0502051650,2.6072747072,0.1371873619,-0.0601496782,0.3000000000,0001101001100000000000000000001011101
1.3020259150,-0.7759544462,-0.0993794911,4.1885878285,0.0550471915,0.1577523497,0.4000000000,0001101001100000000000000000001011101
0.1091802411,0.0569381582,-0.0328686583,0.4327856465,-0.2416013174,-0.3519016876,0.1000000000,0110001000000101000001110000000001100
0.4009870032,0.2750399324,-0.0378772851,1.4980798229,-0.0381344191,-0.0074141395,0.2000000000,0110001000000101000001110000000001100
0.8565103840,0.5814570700,-0.1110509062,3.1905287282,-0.3053848983,0.0418773090,0.3000000000,0110001000000101000001110000000001100
1.4292998571,0.8705857715,-0.1831178759,5.0455952645,-0.6831078832,0.0975175818,0.4000000000,0110001000000101000001110000000001100
0.0025357088,0.1020833985,-0.0172449042,0.3020949133,-0.3339658120,0.2597627613,0.1000000000,1000100010100111000000100010000000001
-0.0144330455,0.3470793595,0.0237638488,1.4653349355,-0.0181230577,-0.1784033988,0.2000000000,1000100010100111000000100010000000001
-0.0133537773,0.7067461624,0.0228749023,2.2300821049,-0.2093604695,0.1762735756,0.3000000000,1000100010100111000000100010000000001
0.0136855134,1.1483022142,-0.0096440323,2.8921468661,-0.5169336989,-0.4369959226,0.4000000000,1000100010100111000000100010000000001
-0.1389432215,0.0941594143,-0.0003026523,0.5536770923,-0.2173126452,0.7911550557,0.1000000000,1011101000000000000000000011001011000
-0.5539642740,0.2705783214,0.0372762120,1.9654786026,-0.1226474238,-0.5350213911,0.2000000000,1011101000000000000000000011001011000
-1.1500162246,0.5383895884,0.0821681168,3.9059587658,0.0294498861,0.3555628878,0.3000000000,1011101000000000000000000011001011000
-1.9224872818,0.8855489115,0.1039566301,6.0816666675,0.6444998808,-0.0654270169,0.4000000000,1011101000000000000000000011001011000
-0.1129426946,-0.0959945482,-0.0062818892,0.4215436722,-0.1230489181,-1.3666392108,0.1000000000,0011000000000111000001010000001000110
-0.3429459925,-0.2184701029,0.0301571325,1.1567278848,-0.1267008971,0.4668442347,0.2000000000,0011000000000111000001010000001000110
-0.7182433355,-0.4521207649,0.0575746816,2.5952938544,0.0316550007,0.7111831050,0.3000000000,0011000000000111000001010000001000110
-1.1542277820,-0.7558105250,-0.0068367179,4.1266803375,-0.2111583039,0.7854619616,0.4000000000,0011000000000111000001010000001000110
0.0534792894,-0.1096015590,0.0992313447,0.3525724794,-0.2959682191,1.4112353996,0.1000000000,1000000000000001100001000100110011001
0.0666080298,-0.5134190835,0.0075272100,1.2088429015,-0.0304488690,0.4498572775,0.2000000000,1000000000000001100001000100110011001
0.0815190094,-1.0322266531,0.0303694663,2.9122981400,-0.0728616772,0.6741418565,0.3000000000,1000000000000001100001000100110011001
0.1239775511,-1.9944919532,0.0524733316,5.2158128357,-0.3878515193,1.2153778138,0.4000000000,1000000000000001100001000100110011001
0.0754728495,-0.0682327814,-0.0236583195,0.4743588895,-0.2783354793,-0.5940899573,0.1000000000,1001010001000001100000001000000001101
0.3249238188,-0.1676383604,-0.0257184022,1.3348288832,-0.0916118101,0.1579700561,0.2000000000,1001010001000001100000001000000001101
0.6752292088,-0.4510786611,-0.0456923848,2.2212949128,-0.0782440851,0.2391945768,0.3000000000,1001010001000001100000001000000001101
1.0365599539,-0.9311290592,-0.1205362371,3.7457892608,-0.7095759485,0.3324839591,0.4000000000,1001010001000001100000001000000001101
0.1233806675,0.0539842730,-0.0555057600,0.3937178422,-0.1743619032,-0.1899774715,0.1000000000,1101010100000001010001100000000001000
0.4067243840,0.2726740739,-0.0987339863,1.5415372445,-0.1326265621,-0.2891941393,0.2000000000,1101010100000001010001100000000001000
0.8480196828,0.5769127036,-0.1965763993,3.2318569158,-0.0326008121,-0.9793694147,0.3000000000,1101010100000001010001100000000001000
1.4533182325,1.0029050613,-0.3508154970,5.2506745247,-0.4605263373,-0.3534589446,0.4000000000,1101010100000001010001100000000001000
0.0098189975,0.1042728191,-0.0293373640,0.0735553708,-0.2963923311,-0.4465178034,0.1000000000,1001100110010001000011000000000000001
-0.0022270443,0.4587423202,-0.0335126058,1.3361252152,-0.1031505001,0.2360097745,0.2000000000,1001100110010001000011000000000000001
0.0494411681,0.9533636876,-0.1131021596,2.4800026611,-0.4298998157,0.1531137696,0.3000000000,1001100110010001000011000000000000001
0.0377486889,1.6635255118,-0.1891152843,4.1914790610,-0.7551278209,-0.0343485812,0.4000000000,1001100110010001000011000000000000001
-0.1310748092,0.0954031423,0.0051872427,0.7721612486,-0.5117822793,0.5280021922,0.1000000000,1011000000001000000011000001000101001
-0.5002634680,0.2726042906,0.0244224001,1.4756731729,0.1948721781,0.0601250633,0.2000000000,1011000000001000000011000001000101001
-1.0182236583,0.5773827670,0.0704824815,3.5596968133,-0.0352956930,-0.2013541824,0.3000000000,1011000000001000000011000001000101001
-1.7771478887,0.9852375095,0.0832689468,5.8122528609,-0.0433656834,0.0914714268,0.4000000000,1011000000001000000011000001000101001
-0.0734647975,-0.0608931129,0.0002000784,0.3128800582,-0.0292488159,0.3381497379,0.1000000000,0001000000000011000101000000010101011
-0.3144612461,-0.2082218395,0.0806549433,1.1330779622,-0.1355009379,0.0143855755,0.2000000000,0001000000000011000101000000010101011
-0.6087591468,-0.3888520809,0.1415134494,2.3434280423,-0.1009602492,0.3604030976,0.3000000000,0001000000000011000101000000010101011
-1.0890683067,-0.6262970746,0.1895683767,3.6582272060,-0.6534206540,0.3603102279,0.4000000000,0001000000000011000101000000010101011
0.0346699273,-0.0113912217,0.1020228099,0.1666189133,-0.2876650814,-0.7015880104,0.1000000000,1000011001100000001000110000010001101
0.0465565582,-0.4417865366,0.0664955670,1.2640883801,0.0125600882,0.4849499900,0.2000000000,1000011001100000001000110000010001101
0.0971646175,-0.8426893226,0.1467355931,2.2377183372,0.0427400860,0.4657259671,0.3000000000,1000011001100000001000110000010001101
0.0896101050,-1.3325500206,0.2443812041,3.4314827353,-0.1034036360,1.1442883679,0.4000000000,1000011001100000001000110000010001101
0.0954093276,-0.0642820897,-0.0082579817,0.1799075962,-0.0654666553,-0.1228846403,0.1000000000,0101101100100101101000100000000001000
0.5854752490,-0.1824065047,-0.0200303024,2.1459783937,-0.0497109342,-0.0037785254,0.2000000000,0101101100100101101000100000000001000
1.0148062795,-0.4111836232,0.0009217950,3.1293347516,0.4995230163,0.7592691767,0.3000000000,0101101100100101101000100000000001000
1.5123781625,-0.9540191990,0.0063151205,5.2485205479,0.0384515157,0.6661557819,0.4000000000,0101101100100101101000100000000001000
0.1189387279,0.0466626645,-0.0452622896,0.3955644620,-0.3214109299,-0.7300865862,0.1000000000,1010111010000101001011000010000000000
0.3703110604,0.2361102471,-0.0982419607,1.4269142326,-0.2224005838,-0.1954014898,0.2000000000,1010111010000101001011000010000000000
0.8011233964,0.4984770962,-0.2047758670,2.8552694553,-0.3566494155,-0.9104836692,0.3000000000,1010111010000101001011000010000000000
1.4257167177,0.9001239774,-0.3563255029,5.2492664268,-0.7038755262,-0.3227066078,0.4000000000,1010111010000101001011000010000000000
0.0133063727,0.0895308129,-0.0362275122,0.0921421457,-0.2154335118,-0.5569994736,0.1000000000,1011000100000110001000000011001100001
-0.0390749991,0.3816814121,-0.0580770759,1.3009522360,0.0658586604,1.0834217743,0.2000000000,1011000100000110001000000011001100001
-0.0432388907,0.7294263296,-0.1340785009,1.5215918192,-0.1826721469,-0.6592461669,0.3000000000,1011000100000110001000000011001100001
-0.0180488838,1.2244785913,-0.2521203636,3.0263790770,-0.4502103449,-0.6794125008,0.4000000000,1011000100000110001000000011001100001
-0.1401380091,0.0771138239,-0.0217521137,0.4149405529,-0.1518706136,-1.0708316088,0.1000000000,0001000000000010001011010010011011010
-0.6010172794,0.2581989255,-0.0120122253,1.8876962933,0.1572723951,0.1560726595,0.2000000000,0001000000000010001011010010011011010
-2.1218761595,1.0403703316,-0.0282512293,6.4900506088,0.4457784184,0.7274308458,0.4000000000,0001000000000010001011010010011011010
-0.0817460735,-0.0602304704,0.0023519554,0.4000741745,-0.1412115570,-0.2408386037,0.1000000000,0000000000100001101001010000101110101
-0.3545594686,-0.1875252871,0.0599292733,1.3721742974,0.1755499522,-0.5017830080,0.2000000000,0000000000100001101001010000101110101
-0.7580531292,-0.3769892216,0.1189152476,2.5223822154,-0.5433903700,-0.1529828241,0.3000000000,0000000000100001101001010000101110101
-1.3880851945,-0.6977232469,0.2394802415,4.5796345611,-0.7607234319,0.9349149158,0.4000000000,0000000000100001101001010000101110101
0.0213681154,-0.0981544728,0.1019464293,0.1037270976,-0.4257961745,0.6740974311,0.1000000000,1100010111110000000001000000000001101
0.0930931766,-0.5770320313,-0.0255254463,1.4102386495,-0.1245515736,0.6314161006,0.2000000000,1100010111110000000001000000000001101
0.0889327504,-1.1992749444,-0.0635339322,3.0680369132,-0.2241438843,0.6953424591,0.3000000000,1100010111110000000001000000000001101
0.1103363630,-1.9367509134,-0.0700459772,4.9247788995,-0.4932766809,0.9468418442,0.4000000000,1100010111110000000001000000000001101
0.0878805629,-0.0624295307,-0.0077769985,0.3847137987,-0.1752402112,0.2663531587,0.1000000000,0101001110001001000010100001000001001
0.3609712940,-0.2102749814,0.0095182265,1.2331388388,-0.0278983357,0.2545857296,0.2000000000,0101001110001001000010100001000001001
0.6855839701,-0.5626060628,-0.0342983240,2.3849050548,-0.2880417741,0.5390859377,0.3000000000,0101001110001001000010100001000001001
1.1261860932,-1.1104520308,-0.1250113168,4.1555169820,-1.1004252187,0.2374230878,0.4000000000,0101001110001001000010100001000001001
0.1177698257,0.0518701013,-0.0200862007,0.3292622403,-0.1747764400,0.0176939245,0.1000000000,1000100010000101000111000001000101010
0.4092023436,0.2831979672,-0.0139874825,1.5536968493,-0.1785940846,-0.3515777733,0.2000000000,1000100010000101000111000001000101010
0.8876858256,0.6396781348,-0.0386156981,3.3454336768,-0.2128387119,-0.0896954740,0.3000000000,1000100010000101000111000001000101010
1.5093230585,1.0919490106,-0.0556755968,5.6093333944,-0.4173084069,-0.7085424440,0.4000000000,1000100010000101000111000001000101010
0.0099595432,0.1494082188,-0.0149607141,0.3778276338,-0.1845403158,0.2562089041,0.1000000000,1011000000000001000000000111110100011
-0.0420539242,0.5358072724,0.0103985903,1.6845031845,-0.0504925815,0.6566583713,0.2000000000,1011000000000001000000000111110100011
-0.0290047483,0.9757682658,0.0180317594,2.8694888605,-0.2196883381,-0.1015064809,0.3000000000,1011000000000001000000000111110100011
-0.0211260718,1.5797038041,0.0243275780,4.0034131107,-0.6124250812,0.0380786896,0.4000000000,1011000000000001000000000111110100011
-0.1105432973,0.0803028568,-0.0197325173,0.4569689282,-0.2112708546,0.1937502811,0.1000000000,1001000001000010100001001000111001010
-0.4744686785,0.2481462651,-0.0062465497,1.5661016190,0.1458554962,-0.3656092580,0.2000000000,1001000001000010100001001000111001010
-1.0658888243,0.5317299973,-0.0033082518,3.3265760691,0.0928710807,0.5923503052,0.3000000000,1001000001000010100001001000111001010
-1.8295561446,0.9596257382,-0.0436763312,5.8739892105,0.0892677771,0.9577104435,0.4000000000,1001000001000010100001001000111001010
-0.0797516627,-0.1086877161,-0.0138763983,0.5503948362,0.0502905548,0.2209437650,0.1000000000,0101010001000001110001010000100010001
-0.3523488804,-0.2983925508,0.0206891764,1.4789055887,-0.0131383960,0.1906926312,0.2000000000,0101010001000001110001010000100010001
-0.7028399351,-0.6049580643,0.0118618076,2.8021230131,0.1260236360,0.7357796264,0.3000000000,0101010001000001110001010000100010001
-1.2195068391,-1.0271818433,0.0471934393,4.8191257916,0.1705576567,0.2152988090,0.4000000000,0101010001000001110001010000100010001
