model_id,angle,state,vegetation_layout,TX,TY,TZ,FX_0,FY_0,FZ,flow_speed
1,0,1,1000001000000000000000000100000000001,0.14977503771078124,-1.0144964368007812,0.017264622730156248,2.542057454540937,-0.26735859218601565,0.15988964285875001,0.4
1,60,2,0001000000000100000000001000000001000,0.6084292710564843,-0.5041581593716407,0.00045702016601562484,2.0941718945152354,-0.4217417160122212,0.1697339353484375,0.4
1,120,1,0000000000000001010001000010000000000,0.7134746195535155,0.4527380841799219,-0.028235253673359377,2.491869337754412,-0.3187029665174407,0.009734622377578129,0.4
1,180,2,1000000000010000000000000000001000001,0.10760081397625001,0.5629715170260157,-0.021800547028671874,1.8666978592469534,-0.4754070408918748,-0.24850602049125,0.4
1,240,1,0001000000001000000000010000000001000,-1.0730699332113283,0.5493882682845312,-0.028566334449609376,3.8816011980363987,0.10489092103761188,0.9004276077778126,0.4
1,300,2,0000000000100001000101000000000000000,-0.5185757118772727,-0.09629258248931817,-0.022956832780568183,1.954680882627196,-0.5379689389165739,0.5169833216865909,0.4
2,0,1,1000100000000000000001000000000000001,0.14009938533796876,-0.993108161416172,-0.13638702961218752,2.540201029378125,-0.42686131500687496,-0.40374449040320304,0.4
2,60,2,0011000000000000000000000000000001001,0.5956122513722656,-0.39258399337453126,-0.008799384329140628,1.9095679495463778,-0.11762220558241765,-0.16416067242398436,0.4
2,120,1,0000000000000011000001000000000001000,0.791365254984375,0.5219433885039062,0.0773316209540625,2.970776791570751,-0.393292112576751,-0.051089021618984376,0.4
2,180,2,1000000000000001000000000000000010001,0.17283154218953126,0.5301781336685938,0.06202542101335937,1.8187726011396876,-0.7412336053671091,-0.24549639819968752,0.4
2,240,1,1001000000000000000000000000000001100,-0.8823116300100782,0.43966754464437496,0.0035504060738281253,3.0840024509882724,0.31258256977168,0.7300426534285156,0.4
2,300,2,0001000000000001000001100000000000000,-0.43795055183710935,-0.41886055548351564,-0.11669991007898436,2.2472877935338995,-0.0028749012513354932,-0.07633990613703126,0.4
3,0,1,1001000010000000000000000000000000001,0.12715738807875,-0.8595809597285937,-0.057221011560390625,2.1099025147525,-0.17013097158468748,0.21194303627828126,0.4
3,60,2,0001000000000000000001000001000001000,0.6207761447625,-0.5514366783647656,0.0604991905553125,2.1787721979335655,-0.36840127487460606,0.06453083529351562,0.4
3,120,1,0000000000000001000001000000000000011,0.8228608195310155,0.49132733991820315,0.24537780471710935,2.9723583930920525,-0.41556426419874803,-0.2365281415299219,0.4
3,180,2,1000000000000000000000000000100001001,0.03598366315328125,0.4685193054451563,0.05719857377015625,1.6454195567407814,-0.27977214332328104,-0.2375457983499219,0.4
3,240,1,0001000001000001000000000000000001000,-0.972590608457422,0.5254027523155469,-0.15171345410578124,3.5650781349031697,0.05949909717528867,1.0632505418860938,0.4
3,300,2,1100000000000001000001000000000000000,-0.4814704218914844,-0.2637494470830469,-0.2742857078330469,2.084494549080908,-0.2797401922332089,0.2867020117280469,0.4
4,0,1,1000110000000000000010000000000000001,0.129236772749375,-0.9915772294886718,0.06606613800070313,2.5764656672414845,-0.23568497063406252,0.17359988432007814,0.4
4,60,2,0011000100000000000000000000000101000,0.6780084010745313,-0.5564748839656251,0.08846951128117186,2.398273758813358,-0.3383116101886108,0.3791330754675781,0.4
4,120,1,0000000000000011000011000000010000000,0.7347515504851563,0.44060640023421876,0.027663688158828127,2.5028140517044655,-0.33955682350179583,0.09475906984757812,0.4
4,180,2,1000000000000000100000000000000110001,-0.004992290052031251,0.6239112527423438,-0.09370353007539063,2.134576043261563,-0.29801509650117164,0.4516564547598437,0.4
4,240,1,0001010000000000000000000000010001100,-1.0426883101987499,0.5798177790797656,-0.0716354198984375,3.6922016101454975,0.24028673798429034,0.6770802706779688,0.4
4,300,2,0000000100000001100001100000000000000,-0.5035390946163281,-0.39298548632367186,-0.06494818565742187,2.2361049955636227,-0.24807512555241473,-0.12670218165429686,0.4
5,0,1,1000000000001000001000000000000000011,0.1540222168025,-1.2023774481756249,-0.08601159378375,2.483381558241875,-0.28126436325875004,1.47344442706125,0.4
5,60,2,0001000000000000001100000000100001000,0.7191822816441407,-0.4367091823489062,-0.07269446864468751,2.3916490653713667,-0.028172994556107334,0.3178292963289063,0.4
5,120,1,0000000001000001001001000100000000000,0.9695646827419444,0.6686576204927778,-0.01709621610402778,3.57804339456495,-0.3086769433809011,0.12224593577694444,0.4
5,180,2,1100000000000000001000001000000000001,-0.07404377882109377,0.6763692601057812,-0.024796655143125002,2.0836290637215624,0.13153150849523462,-0.6196582447532812,0.4
5,240,1,0001000010000000011000000000000001000,-1.1370164864185157,0.4871770264376562,0.029533216255859373,3.8516554477748945,0.2521483712827115,0.7631750726215625,0.4
5,300,2,0000000000010001001001000001000000000,-0.6027383070256251,-0.2976305958157813,-0.03828234627289062,2.5093035896495186,-0.16646081043128746,0.9499791005527344,0.4
6,0,1,1001000000000000000000101000000000101,0.05308948900734375,-1.3234718536307812,0.13549874606335938,3.401594169491953,-0.3705943200002344,0.9142897724251563,0.4
6,60,2,0001100000000000010001100000000001000,0.7855098118114062,-0.7086513874707813,0.024315341963828126,2.9158114762286336,-0.5608949330458739,0.2929219346364062,0.4
6,120,1,0010100000010001000001000000000000001,1.071081871757578,0.7495276406507813,-0.028343002735859373,3.91322682720517,-0.3340668180256503,0.03977015348789061,0.4
6,180,2,1010000000001010000000000000000001001,0.09190855030539062,0.9265550986513281,-0.044399022640312494,2.3774507849145317,-0.48159870378984343,-0.91807134703875,0.4
6,240,1,0001000000000011000100000000000011000,-1.478752954956875,0.7479910085722656,0.04056318511875,4.814457564099923,0.2295359380730766,0.45366509772578123,0.4
6,300,2,1000000000000001000001000100000010100,-0.817824389746875,-0.32813617504625003,0.009915977686015626,2.8473196568018087,-0.733653070947189,0.5636858718579688,0.4
7,0,1,1010001000000000000000000000010000101,0.13119770015625,-1.1719325159382812,0.0006684329210156243,3.091830514075625,-0.40801510002937497,0.2680515383903125,0.4
7,60,2,0001000000000110100000100000000001000,0.8023490685196094,-0.8390117933452345,-0.0269405255525,3.0559607783074716,-0.9242971487370517,0.5607035429724999,0.4
7,120,1,0000110000000001000001000010000010000,1.0189321466465624,0.6475577573017187,0.017263113345703122,3.7968600114600863,-0.3983818887923929,0.21079407885874996,0.4
7,180,2,1010000100000000000000000000001000101,0.0167273545353125,0.7908704094871875,0.0358832730221875,2.1534616976034373,-0.09833937238632785,-0.5984815436742188,0.4
7,240,1,0001000000000010000010110000000001000,-1.3788983385997657,0.6137941009317969,0.028426550346640628,4.588975171201066,-0.006825546656393344,1.33029277940625,0.4
7,300,2,0000100000100001000001000000000110000,-0.7052727584396095,-0.42683051970796876,-0.07708427879265625,2.8917987270373406,-0.22418372222129146,0.6064390685433594,0.4
8,0,1,1100000000000000000100011000001100001,0.14151364853046874,-1.171974718821406,0.074602845436875,2.897990154297813,-0.012250831131015622,0.6914775370952344,0.4
8,60,2,0001000010100000010000010100010001000,1.0091714515651564,-0.8335645213330469,-0.15812411156742187,3.7215693167508834,-0.5924680257756723,0.735871287744375,0.4
8,120,1,0000001000110001100001001001000000000,1.0623127933784375,0.5783528935921876,-0.02137070966203125,3.65022758078409,-0.6936855329342888,-0.4439845481617188,0.4
8,180,2,1000011000001100010000000000000000011,-0.14910581610304688,1.147702511372578,-0.004378222891953125,3.12588789376625,0.12498763842601603,0.06103142376828119,0.4
8,240,1,0001000100010100000100000010100001000,-1.6303785239148438,1.1299276289719529,0.10306245657203124,5.270440064558231,-0.4061248259576953,1.5406449917931249,0.4
8,300,2,0000000001001001000011000110001000000,-0.8555869134048437,-0.46152950749625,0.04843135384742188,2.9291121970275737,-0.2816756388824486,0.43005850983999994,0.4
9,0,1,1001110000000000010000100000000000011,0.07724492939398438,-1.5910965725640627,0.16130964794554686,4.132869113780468,-0.28808268745773435,0.8483422591572655,0.4
9,60,2,0011100100010000000001000000100001000,0.8484297728192187,-0.7296285067211719,0.10325735498,3.121039421898285,-0.4828047888046316,0.32452386245515624,0.4
9,120,1,0010000001001011000011000000000000001,1.3117148820343751,0.8347666306513283,0.076868157355,4.64890469101551,-0.5140906022003735,-0.37228083400578127,0.4
9,180,2,1100000000000010000100000000000111001,0.020479425019765626,1.1166329880028125,-0.14698638453039065,2.5625068206403907,-0.40633249677562466,-0.40994738566648437,0.4
9,240,1,0001000010000001000000000100010011100,-1.3259904780271874,0.6985691297839063,-0.10267464348515624,4.353045444412157,0.13057726706034245,-0.28679178528640625,0.4
9,300,2,1000000000000001100001101001000000100,-1.170244332250625,-0.517819668321875,-0.0790892460346875,3.78037117606111,-0.7262533940760609,0.8526261088464062,0.4
10,0,1,1000000100000001000010100000010000101,0.14800708871992188,-1.5880865902047656,0.2192692494571875,4.249857590515782,-0.101358701304375,0.6822347341986719,0.4
10,60,2,1001100000000000100010100000000101000,1.0272410117339845,-0.9965212282724218,-0.12226304117679687,3.823974261848102,-0.9194716235789495,0.9734628674262501,0.4
10,120,1,0011110000000001000001000000010100000,1.1880734756566407,0.7448839855965625,-0.08408685570124999,4.270071082747114,-0.376107789882443,-0.32311642956929687,0.4
10,180,2,1010000100000010100001000000010000001,0.012414078807734374,1.2981857296717187,-0.1695609011188281,3.366751830654688,-0.5224588395742965,0.9170122141260937,0.4
10,240,1,0001010000000010100010000000000011001,-1.823052998599922,0.9859345970788281,0.038641894116250006,5.85409830914479,0.11384949557535728,0.17575943617382808,0.4
10,300,2,0000010100000001000001000000000111100,-0.8233602215517969,-0.4719945351107812,0.013724409193671877,2.849958301645492,-0.5222082373954259,0.28561622151992183,0.4
11,0,1,1000000000100010000001110010100010001,0.06968495125953125,-1.3489074327835937,-0.06689747194367188,3.6874413357851568,-0.2757292641760938,1.0439069624207813,0.4
11,60,2,0001101001100000000000000000001011101,1.3020259149841407,-0.7759544462145312,-0.09937949107210937,4.188587828538689,0.05504719151858195,0.15775234972640625,0.4
11,120,1,0110001000000101000001110000000001100,1.429299857053828,0.870585771525547,-0.18311787591859374,5.0455952645085915,-0.6831078831951582,0.0975175817586719,0.4
11,180,2,1000100010100111000000100010000000001,0.013685513355624998,1.148302214238281,-0.009644032298515624,2.8921468661003127,-0.5169336988536716,-0.4369959226242188,0.4
11,240,1,1011101000000000000000000011001011000,-1.922487281754922,0.8855489115303126,0.10395663014,6.081666667465906,0.6444998808073654,-0.06542701686921877,0.4
11,300,2,0011000000000111000001010000001000110,-1.1542277819910935,-0.7558105250371094,-0.006836717919062499,4.126680337493706,-0.2111583038794822,0.7854619615763282,0.4
12,0,1,1000000000000001100001000100110011001,0.12397755114179687,-1.9944919532448437,0.05247333163296876,5.215812835721485,-0.38785151926695316,1.2153778138432032,0.4
12,60,2,1001010001000001100000001000000001101,1.0365599538555468,-0.9311290592357813,-0.12053623713781247,3.745789260807242,-0.709575948451199,0.3324839590724219,0.4
12,120,1,1101010100000001010001100000000001000,1.4533182325247656,1.0029050613471875,-0.35081549701828124,5.250674524677057,-0.46052633731317627,-0.35345894458093763,0.4
12,180,2,1001100110010001000011000000000000001,0.03774868887734375,1.6635255117807817,-0.18911528429625002,4.191479061032813,-0.7551278208617181,-0.03434858119125019,0.4
12,240,1,1011000000001000000011000001000101001,-1.7771478887446874,0.9852375094671093,0.083268946815,5.812252860908514,-0.043365683372982744,0.09147142678992184,0.4
12,300,2,0001000000000011000101000000010101011,-1.0890683066945313,-0.6262970745603125,0.18956837665999998,3.658227205989923,-0.6534206540001857,0.3603102279414062,0.4
13,0,1,1000011001100000001000110000010001101,0.08961010495601564,-1.3325500205527345,0.24438120413249997,3.431482735254609,-0.1034036360499219,1.144288367906172,0.4
13,60,2,0101101100100101101000100000000001000,1.5123781625010158,-0.954019199039297,0.0063151204708593745,5.248520547868047,0.038451515737052855,0.6661557818767969,0.4
13,120,1,1010111010000101001011000010000000000,1.4257167177347656,0.9001239773853126,-0.35632550291007814,5.249266426753336,-0.703875526225187,-0.32270660775132815,0.4
13,180,2,1011000100000110001000000011001100001,-0.018048883774375003,1.2244785912504688,-0.2521203635633594,3.0263790769595316,-0.450210344876484,-0.6794125007602343,0.4
13,240,1,0001000000000010001011010010011011010,-2.121876159533828,1.0403703316392188,-0.028251229330546877,6.490050608775523,0.4457784184081013,0.7274308458032029,0.4
13,300,2,0000000000100001101001010000101110101,-1.3880851944713282,-0.6977232468670312,0.2394802415475,4.579634561143511,-0.760723431919947,0.934914915828125,0.4
14,0,1,1100010111110000000001000000000001101,0.11033636299796874,-1.9367509133984377,-0.07004597718335936,4.924778899544844,-0.4932766808853125,0.9468418442287498,0.4
14,60,2,0101001110001001000010100001000001001,1.126186093191875,-1.1104520308260937,-0.12501131680601563,4.155516982041394,-1.1004252187173855,0.23742308778289062,0.4
14,120,1,1000100010000101000111000001000101010,1.5093230585317188,1.0919490106267968,-0.05567559683078125,5.609333394430355,-0.4173084068871109,-0.7085424439699999,0.4
14,180,2,1011000000000001000000000111110100011,-0.021126071830937503,1.5797038040794533,0.024327578032421877,4.003413110674062,-0.6124250811501558,0.03807868958859375,0.4
14,240,1,1001000001000010100001001000111001010,-1.8295561446378124,0.9596257382477343,-0.0436763312484375,5.873989210471939,0.08926777710058298,0.9577104434612501,0.4
14,300,2,0101010001000001110001010000100010001,-1.2195068390808594,-1.027181843335,0.0471934392890625,4.819125791550159,0.17055765667920797,0.21529880897609371,0.4
